Data Contabil;Data Extrato;Departamento;Receita;Despesa;Categoria de Despesa
01/01/2021;01/01/2021;Vendas;13180;0;Receita
01/01/2021;01/01/2021;Operações;0;461620;Custos de Produção
02/01/2021;02/01/2021;Vendas;18612;0;Receita
02/01/2021;02/01/2021;RH;0;20050;Utilidades
03/01/2021;03/01/2021;Vendas;17357;0;Receita
03/01/2021;03/01/2021;Marketing;0;310370;Salários
04/01/2021;04/01/2021;Vendas;12559;0;Receita
04/01/2021;04/01/2021;Marketing;0;311907;Salários
05/01/2021;05/01/2021;Vendas;8174;0;Receita
01/01/2021;05/01/2021;RH;0;210103;Salários
02/01/2021;06/01/2021;Vendas;15888;0;Receita
06/01/2021;06/01/2021;Financeiro;0;310471;Custos de Produção
07/01/2021;07/01/2021;Vendas;20939;0;Receita
07/01/2021;07/01/2021;Operações;0;180781;Custos de Produção
08/01/2021;08/01/2021;Vendas;19989;0;Receita
08/01/2021;08/01/2021;Financeiro;0;97649;Vendas
04/01/2021;09/01/2021;Vendas;7381;0;Receita
08/01/2021;09/01/2021;RH;0;12892;Equipamento
05/01/2021;10/01/2021;Vendas;11311;0;Receita
07/01/2021;10/01/2021;RH;0;18088;Viagens
07/01/2021;11/01/2021;Vendas;5105;0;Receita
08/01/2021;11/01/2021;Marketing;0;14373;Consultoria
11/01/2021;12/01/2021;Vendas;22025;0;Receita
11/01/2021;12/01/2021;Marketing;0;69473;Impostos
07/01/2021;13/01/2021;Vendas;16128;0;Receita
08/01/2021;13/01/2021;Financeiro;0;8892;Viagens
08/01/2021;14/01/2021;Vendas;10606;0;Receita
10/01/2021;14/01/2021;RH;0;1581;Viagens
09/01/2021;15/01/2021;Vendas;3859;0;Receita
09/01/2021;15/01/2021;Operações;0;88810;Salários
12/01/2021;16/01/2021;Vendas;17666;0;Receita
11/01/2021;16/01/2021;Vendas;0;140759;Salários
14/01/2021;17/01/2021;Vendas;5820;0;Receita
13/01/2021;17/01/2021;Vendas;0;30384;Salários
14/01/2021;18/01/2021;Vendas;16178;0;Receita
17/01/2021;18/01/2021;Financeiro;0;25539;Impostos
15/01/2021;19/01/2021;Vendas;18298;0;Receita
15/01/2021;19/01/2021;Financeiro;0;16802;Amortização
18/01/2021;20/01/2021;Vendas;14086;0;Receita
15/01/2021;20/01/2021;Financeiro;0;147954;Custos de Produção
20/01/2021;21/01/2021;Vendas;14741;0;Receita
18/01/2021;21/01/2021;Vendas;0;95267;Custos de Produção
17/01/2021;22/01/2021;Vendas;9639;0;Receita
18/01/2021;22/01/2021;Vendas;0;11085;Juros
20/01/2021;23/01/2021;Vendas;3418;0;Receita
21/01/2021;23/01/2021;Vendas;0;61481;Custos de Produção
18/01/2021;24/01/2021;Vendas;17502;0;Receita
21/01/2021;24/01/2021;Financeiro;0;6995;Consultoria
23/01/2021;25/01/2021;Vendas;5617;0;Receita
20/01/2021;25/01/2021;Operações;0;32834;Impostos
23/01/2021;26/01/2021;Vendas;10078;0;Receita
24/01/2021;26/01/2021;RH;0;6672;Utilidades
23/01/2021;27/01/2021;Vendas;8128;0;Receita
26/01/2021;27/01/2021;Marketing;0;7312;Publicidade
22/01/2021;28/01/2021;Vendas;13390;0;Receita
24/01/2021;28/01/2021;Financeiro;0;26152;Salários
24/01/2021;29/01/2021;Vendas;11893;0;Receita
23/01/2021;29/01/2021;Vendas;0;39904;Salários
25/01/2021;30/01/2021;Vendas;1135;0;Receita
28/01/2021;30/01/2021;Financeiro;0;26355;Impostos
26/01/2021;31/01/2021;Vendas;8365;0;Receita
26/01/2021;31/01/2021;Operações;0;68027;Custos de Produção
28/01/2021;01/02/2021;Vendas;20071;0;Receita
28/01/2021;01/02/2021;Financeiro;0;20264;Salários
28/01/2021;02/02/2021;Vendas;10186;0;Receita
30/01/2021;02/02/2021;Vendas;0;4536;Utilidades
29/01/2021;03/02/2021;Vendas;4800;0;Receita
29/01/2021;03/02/2021;RH;0;5393;Depreciação
02/02/2021;04/02/2021;Vendas;12780;0;Receita
31/01/2021;04/02/2021;Vendas;0;8232;Salários
02/02/2021;05/02/2021;Vendas;5814;0;Receita
04/02/2021;05/02/2021;RH;0;11236;Salários
05/02/2021;06/02/2021;Vendas;15910;0;Receita
31/01/2021;06/02/2021;Operações;0;30421;Custos de Produção
05/02/2021;07/02/2021;Vendas;12057;0;Receita
01/02/2021;07/02/2021;Financeiro;0;1391;Vendas
03/02/2021;08/02/2021;Vendas;15025;0;Receita
04/02/2021;08/02/2021;Vendas;0;2644;Seguros
08/02/2021;09/02/2021;Vendas;17860;0;Receita
03/02/2021;09/02/2021;Vendas;0;486;Impostos
08/02/2021;10/02/2021;Vendas;7073;0;Receita
05/02/2021;10/02/2021;RH;0;4680;Impostos
10/02/2021;11/02/2021;Vendas;7238;0;Receita
05/02/2021;11/02/2021;Financeiro;0;18603;Vendas
09/02/2021;12/02/2021;Vendas;11259;0;Receita
07/02/2021;12/02/2021;Marketing;0;4402;Custos de Produção
09/02/2021;13/02/2021;Vendas;5348;0;Receita
12/02/2021;13/02/2021;Operações;0;7621;Custos de Produção
10/02/2021;14/02/2021;Vendas;5737;0;Receita
10/02/2021;14/02/2021;Vendas;0;23296;Custos de Produção
12/02/2021;15/02/2021;Vendas;8850;0;Receita
09/02/2021;15/02/2021;Financeiro;0;20583;Salários
27/01/2021;16/02/2021;Vendas;5388;0;Receita
11/02/2021;16/02/2021;RH;0;23231;Custos de Produção
12/02/2021;17/02/2021;Vendas;4495;0;Receita
02/02/2021;17/02/2021;Marketing;0;473;Utilidades
07/02/2021;18/02/2021;Vendas;13699;0;Receita
30/01/2021;18/02/2021;Operações;0;1841;Licenças
29/01/2021;19/02/2021;Vendas;6640;0;Receita
30/01/2021;19/02/2021;Financeiro;0;5914;Vendas
10/02/2021;20/02/2021;Vendas;13922;0;Receita
10/02/2021;20/02/2021;Marketing;0;857;Pesquisa e Desenvolvimento
22/01/2021;21/02/2021;Vendas;12475;0;Receita
15/02/2021;21/02/2021;Financeiro;0;3665;Vendas
26/01/2021;22/02/2021;Vendas;9689;0;Receita
17/02/2021;22/02/2021;Operações;0;12248;Custos de Produção
26/01/2021;23/02/2021;Vendas;8535;0;Receita
08/02/2021;23/02/2021;Operações;0;8402;Custos de Produção
31/01/2021;24/02/2021;Vendas;8259;0;Receita
31/01/2021;24/02/2021;Financeiro;0;13449;Custos de Produção
09/02/2021;25/02/2021;Vendas;18585;0;Receita
01/02/2021;25/02/2021;Marketing;0;451;Equipamento
28/01/2021;26/02/2021;Vendas;3307;0;Receita
16/02/2021;26/02/2021;Financeiro;0;431;Publicidade
28/01/2021;27/02/2021;Vendas;5266;0;Receita
08/02/2021;27/02/2021;Vendas;0;434;Consultoria
01/02/2021;28/02/2021;Vendas;19249;0;Receita
31/01/2021;28/02/2021;Operações;0;492;Juros
28/02/2021;01/03/2021;Vendas;2783;0;Receita
28/02/2021;01/03/2021;Operações;0;6843;Vendas
23/02/2021;02/03/2021;Vendas;677;0;Receita
20/02/2021;02/03/2021;Operações;0;505;Amortização
10/02/2021;03/03/2021;Vendas;1946;0;Receita
08/02/2021;03/03/2021;Financeiro;0;464;Utilidades
22/02/2021;04/03/2021;Vendas;3229;0;Receita
15/02/2021;04/03/2021;Financeiro;0;3152;Custos de Produção
20/02/2021;05/03/2021;Vendas;11069;0;Receita
26/02/2021;05/03/2021;Financeiro;0;5744;Custos de Produção
09/02/2021;06/03/2021;Vendas;11221;0;Receita
05/03/2021;06/03/2021;Marketing;0;3258;Custos de Produção
01/03/2021;07/03/2021;Vendas;4319;0;Receita
14/02/2021;07/03/2021;RH;0;589;Software
11/02/2021;08/03/2021;Vendas;5272;0;Receita
01/03/2021;08/03/2021;Vendas;0;1726;Impostos
16/02/2021;09/03/2021;Vendas;1085;0;Receita
14/02/2021;09/03/2021;RH;0;821;Frete
03/03/2021;10/03/2021;Vendas;5515;0;Receita
26/02/2021;10/03/2021;Operações;0;1014;Pesquisa e Desenvolvimento
19/02/2021;11/03/2021;Vendas;10394;0;Receita
21/02/2021;11/03/2021;Financeiro;0;531;Manutenção
12/02/2021;12/03/2021;Vendas;12236;0;Receita
14/02/2021;12/03/2021;Vendas;0;2926;Salários
15/02/2021;13/03/2021;Vendas;6823;0;Receita
18/02/2021;13/03/2021;RH;0;680;Vendas
07/03/2021;14/03/2021;Vendas;14191;0;Receita
13/02/2021;14/03/2021;Operações;0;3280;Custos de Produção
13/03/2021;15/03/2021;Vendas;10295;0;Receita
10/03/2021;15/03/2021;Vendas;0;685;Material de Escritório
22/02/2021;16/03/2021;Vendas;17752;0;Receita
27/02/2021;16/03/2021;Marketing;0;366;Pesquisa e Desenvolvimento
14/03/2021;17/03/2021;Vendas;7551;0;Receita
17/02/2021;17/03/2021;Vendas;0;3566;Vendas
17/02/2021;18/03/2021;Vendas;9913;0;Receita
04/03/2021;18/03/2021;Vendas;0;504;Juros
12/03/2021;19/03/2021;Vendas;9598;0;Receita
10/03/2021;19/03/2021;RH;0;1402;Custos de Produção
07/03/2021;20/03/2021;Vendas;5402;0;Receita
16/03/2021;20/03/2021;RH;0;692;Custos de Produção
20/02/2021;21/03/2021;Vendas;14910;0;Receita
15/03/2021;21/03/2021;Vendas;0;4184;Salários
01/03/2021;22/03/2021;Vendas;17142;0;Receita
22/02/2021;22/03/2021;RH;0;3674;Custos de Produção
20/03/2021;23/03/2021;Vendas;17438;0;Receita
25/02/2021;23/03/2021;RH;0;2667;Salários
19/03/2021;24/03/2021;Vendas;17113;0;Receita
01/03/2021;24/03/2021;Marketing;0;988;Salários
26/02/2021;25/03/2021;Vendas;12118;0;Receita
18/03/2021;25/03/2021;RH;0;293;Impostos
05/03/2021;26/03/2021;Vendas;498;0;Receita
07/03/2021;26/03/2021;Financeiro;0;1247;Vendas
20/03/2021;27/03/2021;Vendas;4782;0;Receita
25/03/2021;27/03/2021;RH;0;188;Depreciação
05/03/2021;28/03/2021;Vendas;1126;0;Receita
16/03/2021;28/03/2021;Marketing;0;647;Custos de Produção
18/03/2021;29/03/2021;Vendas;132;0;Receita
27/02/2021;29/03/2021;RH;0;2845;Salários
06/03/2021;30/03/2021;Vendas;13793;0;Receita
11/03/2021;30/03/2021;Financeiro;0;143;Seguros
29/03/2021;31/03/2021;Vendas;5955;0;Receita
28/03/2021;31/03/2021;Vendas;0;493;Salários
27/03/2021;01/04/2021;Vendas;11305;0;Receita
04/03/2021;01/04/2021;RH;0;22;Amortização
28/03/2021;02/04/2021;Vendas;8175;0;Receita
13/03/2021;02/04/2021;Vendas;0;382;Impostos
11/03/2021;03/04/2021;Vendas;12330;0;Receita
14/03/2021;03/04/2021;Operações;0;109;Seguros
25/03/2021;04/04/2021;Vendas;3927;0;Receita
21/03/2021;04/04/2021;Vendas;0;223;Depreciação
22/02/2021;05/04/2021;Vendas;7219;0;Receita
24/03/2021;05/04/2021;RH;0;1888;Salários
15/02/2021;06/04/2021;Vendas;570;0;Receita
04/04/2021;06/04/2021;Marketing;0;56;Salários
17/03/2021;07/04/2021;Vendas;13250;0;Receita
04/03/2021;07/04/2021;Marketing;0;218;Seguros
22/03/2021;08/04/2021;Vendas;16990;0;Receita
02/04/2021;08/04/2021;Vendas;0;1005;Vendas
26/03/2021;09/04/2021;Vendas;10054;0;Receita
31/03/2021;09/04/2021;Vendas;0;499;Vendas
06/03/2021;10/04/2021;Vendas;499;0;Receita
28/02/2021;10/04/2021;RH;0;258;Aluguel
16/03/2021;11/04/2021;Vendas;1136;0;Receita
07/03/2021;11/04/2021;RH;0;101;Vendas
12/03/2021;12/04/2021;Vendas;9803;0;Receita
08/04/2021;12/04/2021;Vendas;0;139;Frete
18/03/2021;13/04/2021;Vendas;8611;0;Receita
20/03/2021;13/04/2021;RH;0;9;Juros
01/03/2021;14/04/2021;Vendas;449;0;Receita
09/04/2021;14/04/2021;Marketing;0;440;Impostos
23/03/2021;15/04/2021;Vendas;3248;0;Receita
21/03/2021;15/04/2021;Operações;0;239;Custos de Produção
13/03/2021;16/04/2021;Vendas;7416;0;Receita
07/03/2021;16/04/2021;Operações;0;835;Salários
22/03/2021;17/04/2021;Vendas;17123;0;Receita
14/04/2021;17/04/2021;Operações;0;778;Impostos
05/03/2021;18/04/2021;Vendas;16265;0;Receita
03/03/2021;18/04/2021;Operações;0;1217;Salários
23/03/2021;19/04/2021;Vendas;2405;0;Receita
15/03/2021;19/04/2021;Operações;0;342;Vendas
14/03/2021;20/04/2021;Vendas;499;0;Receita
28/03/2021;20/04/2021;Marketing;0;860;Vendas
17/04/2021;21/04/2021;Vendas;13205;0;Receita
20/03/2021;21/04/2021;RH;0;135;Impostos
09/04/2021;22/04/2021;Vendas;12070;0;Receita
18/03/2021;22/04/2021;RH;0;769;Salários
16/04/2021;23/04/2021;Vendas;16167;0;Receita
09/04/2021;23/04/2021;Operações;0;89;Publicidade
06/03/2021;24/04/2021;Vendas;4586;0;Receita
16/04/2021;24/04/2021;Vendas;0;678;Vendas
20/04/2021;25/04/2021;Vendas;12465;0;Receita
15/04/2021;25/04/2021;Operações;0;21;Salários
23/04/2021;26/04/2021;Vendas;11769;0;Receita
02/04/2021;26/04/2021;Marketing;0;37;Software
11/03/2021;27/04/2021;Vendas;4936;0;Receita
23/04/2021;27/04/2021;Vendas;0;422;Custos de Produção
12/04/2021;28/04/2021;Vendas;6204;0;Receita
12/03/2021;28/04/2021;Operações;0;1012;Custos de Produção
20/03/2021;29/04/2021;Vendas;7820;0;Receita
18/04/2021;29/04/2021;RH;0;560;Custos de Produção
27/03/2021;30/04/2021;Vendas;13525;0;Receita
23/04/2021;30/04/2021;RH;0;150;Salários
22/03/2021;01/05/2021;Vendas;12802;0;Receita
17/03/2021;01/05/2021;Operações;0;424;Vendas
29/03/2021;02/05/2021;Vendas;11430;0;Receita
25/03/2021;02/05/2021;Financeiro;0;50;Vendas
05/04/2021;03/05/2021;Vendas;13242;0;Receita
23/03/2021;03/05/2021;Operações;0;31;Depreciação
18/04/2021;04/05/2021;Vendas;10513;0;Receita
16/03/2021;04/05/2021;Financeiro;0;55;Publicidade
21/04/2021;05/05/2021;Vendas;4408;0;Receita
30/04/2021;05/05/2021;Marketing;0;15;Vendas
20/03/2021;06/05/2021;Vendas;3446;0;Receita
26/04/2021;06/05/2021;Vendas;0;328;Vendas
26/04/2021;07/05/2021;Vendas;8339;0;Receita
18/03/2021;07/05/2021;Vendas;0;214;Vendas
10/04/2021;08/05/2021;Vendas;11619;0;Receita
14/04/2021;08/05/2021;Vendas;0;11;Custos de Produção
27/03/2021;09/05/2021;Vendas;11618;0;Receita
28/03/2021;09/05/2021;Financeiro;0;252;Vendas
24/04/2021;10/05/2021;Vendas;1998;0;Receita
08/04/2021;10/05/2021;Operações;0;263;Custos de Produção
31/03/2021;11/05/2021;Vendas;12706;0;Receita
26/04/2021;11/05/2021;Vendas;0;17;Vendas
30/04/2021;12/05/2021;Vendas;10241;0;Receita
25/03/2021;12/05/2021;Marketing;0;42;Frete
20/04/2021;13/05/2021;Vendas;7839;0;Receita
03/05/2021;13/05/2021;Operações;0;37;Viagens
08/05/2021;14/05/2021;Vendas;3631;0;Receita
11/04/2021;14/05/2021;Vendas;0;31;Juros
12/04/2021;15/05/2021;Vendas;5268;0;Receita
24/04/2021;15/05/2021;Vendas;0;26;Treinamento
09/05/2021;16/05/2021;Vendas;16008;0;Receita
02/04/2021;16/05/2021;Operações;0;37;Salários
05/04/2021;17/05/2021;Vendas;13769;0;Receita
30/03/2021;17/05/2021;Financeiro;0;34;Utilidades
17/04/2021;18/05/2021;Vendas;7942;0;Receita
21/04/2021;18/05/2021;RH;0;142;Impostos
05/05/2021;19/05/2021;Vendas;9235;0;Receita
07/05/2021;19/05/2021;Marketing;0;105;Salários
28/04/2021;20/05/2021;Vendas;14262;0;Receita
10/05/2021;20/05/2021;Vendas;0;339;Custos de Produção
18/05/2021;21/05/2021;Vendas;7841;0;Receita
30/04/2021;21/05/2021;RH;0;124;Impostos
21/04/2021;22/05/2021;Vendas;2560;0;Receita
18/04/2021;22/05/2021;Marketing;0;148;Custos de Produção
20/04/2021;23/05/2021;Vendas;6965;0;Receita
09/04/2021;23/05/2021;Financeiro;0;24;Custos de Produção
06/05/2021;24/05/2021;Vendas;2386;0;Receita
05/04/2021;24/05/2021;Operações;0;67;Vendas
22/04/2021;25/05/2021;Vendas;7954;0;Receita
27/04/2021;25/05/2021;Financeiro;0;75;Vendas
09/04/2021;26/05/2021;Vendas;9635;0;Receita
27/04/2021;26/05/2021;Operações;0;16;Equipamento
13/05/2021;27/05/2021;Vendas;10736;0;Receita
25/05/2021;27/05/2021;Vendas;0;14;Consultoria
19/04/2021;28/05/2021;Vendas;14293;0;Receita
15/04/2021;28/05/2021;Marketing;0;163;Salários
07/05/2021;29/05/2021;Vendas;10581;0;Receita
17/05/2021;29/05/2021;Vendas;0;145;Custos de Produção
23/04/2021;30/05/2021;Vendas;7255;0;Receita
23/04/2021;30/05/2021;Marketing;0;130;Salários
22/05/2021;31/05/2021;Vendas;9487;0;Receita
30/05/2021;31/05/2021;RH;0;16;Software
08/05/2021;01/06/2021;Vendas;4226;0;Receita
31/03/2021;01/06/2021;Marketing;0;14;Salários
18/04/2021;02/06/2021;Vendas;8962;0;Receita
05/04/2021;02/06/2021;RH;0;15;Utilidades
11/04/2021;03/06/2021;Vendas;1043;0;Receita
28/03/2021;03/06/2021;RH;0;15;Viagens
12/05/2021;04/06/2021;Vendas;11979;0;Receita
21/03/2021;04/06/2021;Marketing;0;16;Consultoria
17/04/2021;05/06/2021;Vendas;4716;0;Receita
06/04/2021;05/06/2021;Marketing;0;72;Custos de Produção
03/05/2021;06/06/2021;Vendas;13894;0;Receita
07/04/2021;06/06/2021;Vendas;0;79;Salários
10/03/2021;07/06/2021;Vendas;6936;0;Receita
05/04/2021;07/06/2021;Marketing;0;16;Custos de Produção
13/05/2021;08/06/2021;Vendas;865;0;Receita
19/03/2021;08/06/2021;Vendas;0;4;Salários
18/05/2021;09/06/2021;Vendas;8732;0;Receita
17/04/2021;09/06/2021;Marketing;0;26;Custos de Produção
22/04/2021;10/06/2021;Vendas;12016;0;Receita
30/03/2021;10/06/2021;Operações;0;9;Aluguel
10/04/2021;11/06/2021;Vendas;5280;0;Receita
26/03/2021;11/06/2021;Financeiro;0;5;Equipamento
22/03/2021;12/06/2021;Vendas;9376;0;Receita
09/04/2021;12/06/2021;Financeiro;0;115;Custos de Produção
30/03/2021;13/06/2021;Vendas;1582;0;Receita
17/05/2021;13/06/2021;RH;0;13;Custos de Produção
08/04/2021;14/06/2021;Vendas;1802;0;Receita
12/04/2021;14/06/2021;Marketing;0;59;Custos de Produção
31/03/2021;15/06/2021;Vendas;2396;0;Receita
23/05/2021;15/06/2021;Vendas;0;45;Salários
07/04/2021;16/06/2021;Vendas;2003;0;Receita
15/05/2021;16/06/2021;RH;0;2;Custos de Produção
08/04/2021;17/06/2021;Vendas;3700;0;Receita
12/05/2021;17/06/2021;Financeiro;0;27;Salários
19/04/2021;18/06/2021;Vendas;13679;0;Receita
25/03/2021;18/06/2021;Marketing;0;84;Custos de Produção
27/03/2021;19/06/2021;Vendas;4216;0;Receita
26/04/2021;19/06/2021;Financeiro;0;36;Salários
23/03/2021;20/06/2021;Vendas;5199;0;Receita
03/05/2021;20/06/2021;Financeiro;0;6;Equipamento
23/03/2021;21/06/2021;Vendas;1818;0;Receita
27/05/2021;21/06/2021;Financeiro;0;3;Juros
17/04/2021;22/06/2021;Vendas;10473;0;Receita
28/04/2021;22/06/2021;Marketing;0;12;Salários
02/06/2021;23/06/2021;Vendas;11379;0;Receita
15/04/2021;23/06/2021;Marketing;0;31;Custos de Produção
29/04/2021;24/06/2021;Vendas;5799;0;Receita
21/04/2021;24/06/2021;Financeiro;0;4;Amortização
01/06/2021;25/06/2021;Vendas;5248;0;Receita
01/05/2021;25/06/2021;Marketing;0;2;Impostos
03/06/2021;26/06/2021;Vendas;4923;0;Receita
31/03/2021;26/06/2021;Marketing;0;10;Vendas
11/05/2021;27/06/2021;Vendas;11275;0;Receita
25/05/2021;27/06/2021;Operações;0;8;Salários
25/04/2021;28/06/2021;Vendas;11020;0;Receita
03/05/2021;28/06/2021;Operações;0;32;Salários
29/05/2021;29/06/2021;Vendas;1311;0;Receita
08/05/2021;29/06/2021;Operações;0;37;Custos de Produção
29/04/2021;30/06/2021;Vendas;6691;0;Receita
09/05/2021;30/06/2021;Financeiro;0;10;Vendas
15/04/2021;01/07/2021;Vendas;2397;0;Receita
09/06/2021;01/07/2021;Financeiro;0;3;Software
11/06/2021;02/07/2021;Vendas;7496;0;Receita
27/04/2021;02/07/2021;Operações;0;16;Custos de Produção
15/04/2021;03/07/2021;Vendas;11459;0;Receita
02/06/2021;03/07/2021;Financeiro;0;12;Salários
27/05/2021;04/07/2021;Vendas;3969;0;Receita
27/04/2021;04/07/2021;Operações;0;23;Custos de Produção
07/04/2021;05/07/2021;Vendas;8544;0;Receita
27/05/2021;05/07/2021;Vendas;0;1;Licenças
15/05/2021;06/07/2021;Vendas;13276;0;Receita
15/04/2021;06/07/2021;Marketing;0;1;Viagens
01/06/2021;07/07/2021;Vendas;1581;0;Receita
06/06/2021;07/07/2021;Financeiro;0;16;Custos de Produção
31/05/2021;08/07/2021;Vendas;9053;0;Receita
16/04/2021;08/07/2021;RH;0;3;Custos de Produção
08/05/2021;09/07/2021;Vendas;10860;0;Receita
14/04/2021;09/07/2021;RH;0;1;Publicidade
15/06/2021;10/07/2021;Vendas;12792;0;Receita
16/04/2021;10/07/2021;Operações;0;3;Impostos
07/06/2021;11/07/2021;Vendas;10535;0;Receita
10/05/2021;11/07/2021;RH;0;1;Amortização
27/04/2021;12/07/2021;Vendas;11344;0;Receita
11/05/2021;12/07/2021;Financeiro;0;5;Custos de Produção
20/04/2021;13/07/2021;Vendas;2536;0;Receita
03/06/2021;13/07/2021;RH;0;2;Salários
27/04/2021;14/07/2021;Vendas;1821;0;Receita
30/05/2021;14/07/2021;Financeiro;0;4;Custos de Produção
19/05/2021;15/07/2021;Vendas;6427;0;Receita
12/06/2021;15/07/2021;Marketing;0;8;Salários
08/05/2021;16/07/2021;Vendas;6807;0;Receita
26/04/2021;16/07/2021;Financeiro;0;1;Publicidade
04/06/2021;17/07/2021;Vendas;11779;0;Receita
14/06/2021;17/07/2021;RH;0;3;Impostos
09/05/2021;18/07/2021;Vendas;5649;0;Receita
24/05/2021;18/07/2021;Operações;0;2;Custos de Produção
10/05/2021;19/07/2021;Vendas;1368;0;Receita
06/06/2021;19/07/2021;Vendas;0;6;Salários
19/06/2021;20/07/2021;Vendas;3174;0;Receita
22/04/2021;20/07/2021;Marketing;0;4;Salários
17/05/2021;21/07/2021;Vendas;9087;0;Receita
06/05/2021;21/07/2021;Financeiro;0;2;Impostos
24/04/2021;22/07/2021;Vendas;318;0;Receita
19/06/2021;22/07/2021;Vendas;0;5;Custos de Produção
11/05/2021;23/07/2021;Vendas;9239;0;Receita
05/06/2021;23/07/2021;RH;0;1;Custos de Produção
08/06/2021;24/07/2021;Vendas;6268;0;Receita
03/05/2021;24/07/2021;Marketing;0;1;Licenças
26/05/2021;25/07/2021;Vendas;8975;0;Receita
06/05/2021;25/07/2021;Marketing;0;1;Publicidade
20/05/2021;26/07/2021;Vendas;6566;0;Receita
26/05/2021;26/07/2021;Financeiro;0;1;Material de Escritório
05/07/2021;27/07/2021;Vendas;5887;0;Receita
01/05/2021;27/07/2021;Financeiro;0;4;Custos de Produção
29/04/2021;28/07/2021;Vendas;5626;0;Receita
28/05/2021;28/07/2021;Vendas;0;2;Salários
28/06/2021;29/07/2021;Vendas;7134;0;Receita
27/06/2021;29/07/2021;Operações;0;1;Software
30/05/2021;30/07/2021;Vendas;3854;0;Receita
22/06/2021;30/07/2021;Marketing;0;1;Salários
01/07/2021;31/07/2021;Vendas;6379;0;Receita
01/06/2021;31/07/2021;Marketing;0;1;Vendas
20/06/2021;01/08/2021;Vendas;8446;0;Receita
18/05/2021;01/08/2021;Vendas;0;1;Amortização
12/06/2021;02/08/2021;Vendas;11534;0;Receita
29/06/2021;02/08/2021;Financeiro;0;2;Salários
13/07/2021;03/08/2021;Vendas;5541;0;Receita
17/05/2021;03/08/2021;Vendas;0;2;Custos de Produção
04/07/2021;04/08/2021;Vendas;5306;0;Receita
26/05/2021;04/08/2021;Financeiro;0;1;Salários
23/05/2021;05/08/2021;Vendas;1977;0;Receita
18/05/2021;05/08/2021;Vendas;0;1;Salários
21/06/2021;06/08/2021;Vendas;3900;0;Receita
13/07/2021;06/08/2021;Vendas;0;1;Custos de Produção
14/06/2021;07/08/2021;Vendas;12483;0;Receita
01/07/2021;07/08/2021;Operações;0;1;Pesquisa e Desenvolvimento
27/05/2021;08/08/2021;Vendas;11859;0;Receita
09/06/2021;08/08/2021;Vendas;0;1;Licenças
12/05/2021;09/08/2021;Vendas;10462;0;Receita
29/05/2021;09/08/2021;RH;0;1;Custos de Produção
20/06/2021;10/08/2021;Vendas;186;0;Receita
10/07/2021;10/08/2021;Vendas;0;1;Salários
15/07/2021;11/08/2021;Vendas;8631;0;Receita
30/06/2021;11/08/2021;Vendas;0;1;Depreciação
04/06/2021;12/08/2021;Vendas;7137;0;Receita
11/07/2021;12/08/2021;Vendas;0;1;Vendas
09/06/2021;13/08/2021;Vendas;8561;0;Receita
22/05/2021;13/08/2021;RH;0;1;Frete
29/06/2021;14/08/2021;Vendas;7981;0;Receita
03/06/2021;14/08/2021;Financeiro;0;1;Depreciação
10/07/2021;15/08/2021;Vendas;6518;0;Receita
21/06/2021;15/08/2021;RH;0;1;Vendas
25/05/2021;16/08/2021;Vendas;12160;0;Receita
17/06/2021;16/08/2021;Operações;0;1;Impostos
14/07/2021;17/08/2021;Vendas;5686;0;Receita
19/07/2021;17/08/2021;Vendas;0;1;Vendas
07/06/2021;18/08/2021;Vendas;960;0;Receita
02/07/2021;18/08/2021;Operações;0;1;Juros
22/07/2021;19/08/2021;Vendas;11220;0;Receita
16/06/2021;19/08/2021;Marketing;0;1;Custos de Produção
21/06/2021;20/08/2021;Vendas;6083;0;Receita
22/06/2021;20/08/2021;Financeiro;0;1;Aluguel
23/07/2021;21/08/2021;Vendas;4319;0;Receita
31/07/2021;21/08/2021;RH;0;1;Vendas
27/06/2021;22/08/2021;Vendas;2023;0;Receita
31/07/2021;22/08/2021;RH;0;1;Consultoria
26/07/2021;23/08/2021;Vendas;8428;0;Receita
27/07/2021;23/08/2021;Vendas;0;1;Vendas
06/06/2021;24/08/2021;Vendas;5722;0;Receita
31/07/2021;24/08/2021;Operações;0;1;Pesquisa e Desenvolvimento
18/06/2021;25/08/2021;Vendas;11257;0;Receita
02/06/2021;25/08/2021;RH;0;1;Custos de Produção
18/06/2021;26/08/2021;Vendas;8668;0;Receita
08/06/2021;26/08/2021;RH;0;1;Salários
13/06/2021;27/08/2021;Vendas;3456;0;Receita
15/06/2021;27/08/2021;Operações;0;1;Vendas
04/06/2021;28/08/2021;Vendas;7600;0;Receita
16/06/2021;28/08/2021;Financeiro;0;1;Equipamento
07/08/2021;29/08/2021;Vendas;6019;0;Receita
04/08/2021;29/08/2021;Marketing;0;1;Manutenção
31/07/2021;30/08/2021;Vendas;7058;0;Receita
03/07/2021;30/08/2021;Vendas;0;1;Pesquisa e Desenvolvimento
15/07/2021;31/08/2021;Vendas;2462;0;Receita
14/07/2021;31/08/2021;Financeiro;0;1;Treinamento
06/08/2021;01/09/2021;Vendas;3853;0;Receita
11/08/2021;01/09/2021;RH;0;1;Custos de Produção
25/07/2021;02/09/2021;Vendas;10773;0;Receita
06/06/2021;02/09/2021;Operações;0;1;Vendas
24/06/2021;03/09/2021;Vendas;11584;0;Receita
17/06/2021;03/09/2021;Marketing;0;1;Salários
28/06/2021;04/09/2021;Vendas;3519;0;Receita
11/07/2021;04/09/2021;RH;0;1;Vendas
27/06/2021;05/09/2021;Vendas;3838;0;Receita
18/07/2021;05/09/2021;Vendas;0;1;Custos de Produção
28/06/2021;06/09/2021;Vendas;7745;0;Receita
08/08/2021;06/09/2021;Marketing;0;1;Custos de Produção
11/07/2021;07/09/2021;Vendas;1830;0;Receita
25/07/2021;07/09/2021;Vendas;0;1;Consultoria
04/07/2021;08/09/2021;Vendas;5431;0;Receita
30/07/2021;08/09/2021;Financeiro;0;1;Vendas
27/07/2021;09/09/2021;Vendas;6538;0;Receita
09/07/2021;09/09/2021;Vendas;0;1;Seguros
28/07/2021;10/09/2021;Vendas;7534;0;Receita
11/08/2021;10/09/2021;RH;0;1;Salários
29/06/2021;11/09/2021;Vendas;4014;0;Receita
21/07/2021;11/09/2021;RH;0;1;Salários
30/07/2021;12/09/2021;Vendas;2228;0;Receita
15/08/2021;12/09/2021;Operações;0;1;Salários
04/08/2021;13/09/2021;Vendas;6287;0;Receita
22/07/2021;13/09/2021;Financeiro;0;1;Material de Escritório
30/06/2021;14/09/2021;Vendas;1877;0;Receita
04/08/2021;14/09/2021;Financeiro;0;1;Custos de Produção
10/08/2021;15/09/2021;Vendas;11154;0;Receita
11/07/2021;15/09/2021;Financeiro;0;1;Custos de Produção
03/07/2021;16/09/2021;Vendas;1313;0;Receita
21/08/2021;16/09/2021;Financeiro;0;1;Salários
29/06/2021;17/09/2021;Vendas;11261;0;Receita
14/07/2021;17/09/2021;Vendas;0;1;Custos de Produção
20/08/2021;18/09/2021;Vendas;10557;0;Receita
21/06/2021;18/09/2021;Operações;0;1;Manutenção
28/06/2021;19/09/2021;Vendas;5073;0;Receita
14/07/2021;19/09/2021;RH;0;1;Impostos
28/06/2021;20/09/2021;Vendas;2912;0;Receita
22/07/2021;20/09/2021;RH;0;1;Seguros
29/08/2021;21/09/2021;Vendas;6173;0;Receita
16/08/2021;21/09/2021;Operações;0;1;Manutenção
02/09/2021;22/09/2021;Vendas;5881;0;Receita
14/07/2021;22/09/2021;RH;0;1;Custos de Produção
28/06/2021;23/09/2021;Vendas;2409;0;Receita
25/07/2021;23/09/2021;RH;0;1;Material de Escritório
18/07/2021;24/09/2021;Vendas;10111;0;Receita
04/08/2021;24/09/2021;Vendas;0;1;Equipamento
05/08/2021;25/09/2021;Vendas;3368;0;Receita
14/07/2021;25/09/2021;Operações;0;1;Vendas
13/07/2021;26/09/2021;Vendas;8874;0;Receita
13/08/2021;26/09/2021;Marketing;0;1;Custos de Produção
22/08/2021;27/09/2021;Vendas;10915;0;Receita
17/08/2021;27/09/2021;Operações;0;1;Custos de Produção
13/07/2021;28/09/2021;Vendas;7642;0;Receita
23/08/2021;28/09/2021;Financeiro;0;1;Salários
30/08/2021;29/09/2021;Vendas;2111;0;Receita
14/08/2021;29/09/2021;Vendas;0;1;Licenças
25/07/2021;30/09/2021;Vendas;6256;0;Receita
03/09/2021;30/09/2021;Vendas;0;1;Publicidade
11/08/2021;01/10/2021;Vendas;7606;0;Receita
12/07/2021;01/10/2021;Operações;0;1;Utilidades
23/07/2021;02/10/2021;Vendas;2627;0;Receita
12/08/2021;02/10/2021;Marketing;0;1;Material de Escritório
11/08/2021;03/10/2021;Vendas;10176;0;Receita
19/08/2021;03/10/2021;Operações;0;1;Manutenção
23/07/2021;04/10/2021;Vendas;10123;0;Receita
03/09/2021;04/10/2021;Operações;0;1;Software
05/08/2021;05/10/2021;Vendas;1621;0;Receita
30/07/2021;05/10/2021;RH;0;1;Custos de Produção
15/09/2021;06/10/2021;Vendas;9215;0;Receita
15/09/2021;06/10/2021;Financeiro;0;1;Salários
05/09/2021;07/10/2021;Vendas;5191;0;Receita
08/08/2021;07/10/2021;Vendas;0;1;Depreciação
17/08/2021;08/10/2021;Vendas;5577;0;Receita
17/08/2021;08/10/2021;Marketing;0;1;Juros
19/09/2021;09/10/2021;Vendas;10039;0;Receita
23/07/2021;09/10/2021;Operações;0;1;Custos de Produção
11/08/2021;10/10/2021;Vendas;6480;0;Receita
21/08/2021;10/10/2021;Marketing;0;1;Salários
06/09/2021;11/10/2021;Vendas;1408;0;Receita
07/09/2021;11/10/2021;Marketing;0;1;Manutenção
19/07/2021;12/10/2021;Vendas;7929;0;Receita
16/08/2021;12/10/2021;Marketing;0;1;Viagens
04/08/2021;13/10/2021;Vendas;1725;0;Receita
14/09/2021;13/10/2021;Operações;0;1;Material de Escritório
10/09/2021;14/10/2021;Vendas;9594;0;Receita
06/09/2021;14/10/2021;Operações;0;1;Salários
19/07/2021;15/10/2021;Vendas;8115;0;Receita
09/09/2021;15/10/2021;Operações;0;1;Salários
23/08/2021;16/10/2021;Vendas;9806;0;Receita
21/08/2021;16/10/2021;Financeiro;0;1;Impostos
14/09/2021;17/10/2021;Vendas;4526;0;Receita
10/08/2021;17/10/2021;Operações;0;1;Custos de Produção
25/08/2021;18/10/2021;Vendas;2603;0;Receita
11/08/2021;18/10/2021;Vendas;0;1;Salários
23/08/2021;19/10/2021;Vendas;7782;0;Receita
29/09/2021;19/10/2021;Marketing;0;1;Aluguel
30/09/2021;20/10/2021;Vendas;4759;0;Receita
25/08/2021;20/10/2021;Financeiro;0;1;Custos de Produção
03/08/2021;21/10/2021;Vendas;2385;0;Receita
16/09/2021;21/10/2021;RH;0;1;Equipamento
25/07/2021;22/10/2021;Vendas;777;0;Receita
14/09/2021;22/10/2021;Financeiro;0;1;Custos de Produção
27/08/2021;23/10/2021;Vendas;6292;0;Receita
04/09/2021;23/10/2021;Marketing;0;1;Viagens
05/08/2021;24/10/2021;Vendas;5897;0;Receita
24/08/2021;24/10/2021;Financeiro;0;1;Custos de Produção
10/08/2021;25/10/2021;Vendas;8043;0;Receita
01/08/2021;25/10/2021;RH;0;1;Salários
08/09/2021;26/10/2021;Vendas;4584;0;Receita
29/07/2021;26/10/2021;Operações;0;1;Pesquisa e Desenvolvimento
24/08/2021;27/10/2021;Vendas;7275;0;Receita
13/09/2021;27/10/2021;Marketing;0;1;Custos de Produção
03/09/2021;28/10/2021;Vendas;7248;0;Receita
01/10/2021;28/10/2021;Financeiro;0;1;Impostos
23/09/2021;29/10/2021;Vendas;304;0;Receita
15/08/2021;29/10/2021;RH;0;1;Publicidade
25/09/2021;30/10/2021;Vendas;364;0;Receita
12/08/2021;30/10/2021;Vendas;0;1;Custos de Produção
29/08/2021;31/10/2021;Vendas;3480;0;Receita
25/08/2021;31/10/2021;Financeiro;0;1;Custos de Produção
04/08/2021;01/11/2021;Vendas;9891;0;Receita
16/09/2021;01/11/2021;RH;0;1;Seguros
20/08/2021;02/11/2021;Vendas;6632;0;Receita
24/08/2021;02/11/2021;RH;0;1;Material de Escritório
04/09/2021;03/11/2021;Vendas;5367;0;Receita
08/10/2021;03/11/2021;RH;0;1;Custos de Produção
08/08/2021;04/11/2021;Vendas;4695;0;Receita
30/09/2021;04/11/2021;Vendas;0;1;Custos de Produção
22/09/2021;05/11/2021;Vendas;7311;0;Receita
25/08/2021;05/11/2021;Operações;0;1;Amortização
18/08/2021;06/11/2021;Vendas;6685;0;Receita
20/09/2021;06/11/2021;Vendas;0;1;Salários
04/09/2021;07/11/2021;Vendas;8900;0;Receita
18/09/2021;07/11/2021;Operações;0;1;Salários
03/10/2021;08/11/2021;Vendas;283;0;Receita
10/10/2021;08/11/2021;RH;0;1;Vendas
18/08/2021;09/11/2021;Vendas;237;0;Receita
26/09/2021;09/11/2021;Marketing;0;1;Custos de Produção
05/09/2021;10/11/2021;Vendas;7937;0;Receita
20/09/2021;10/11/2021;Vendas;0;1;Seguros
28/08/2021;11/11/2021;Vendas;6495;0;Receita
08/09/2021;11/11/2021;RH;0;1;Impostos
28/09/2021;12/11/2021;Vendas;8636;0;Receita
28/08/2021;12/11/2021;Vendas;0;1;Custos de Produção
20/08/2021;13/11/2021;Vendas;2579;0;Receita
06/10/2021;13/11/2021;Operações;0;1;Vendas
30/08/2021;14/11/2021;Vendas;3459;0;Receita
08/10/2021;14/11/2021;RH;0;1;Custos de Produção
19/10/2021;15/11/2021;Vendas;7205;0;Receita
09/10/2021;15/11/2021;RH;0;1;Utilidades
19/08/2021;16/11/2021;Vendas;5240;0;Receita
26/08/2021;16/11/2021;Marketing;0;1;Salários
19/08/2021;17/11/2021;Vendas;4518;0;Receita
21/09/2021;17/11/2021;Marketing;0;1;Salários
20/10/2021;18/11/2021;Vendas;9385;0;Receita
04/09/2021;18/11/2021;RH;0;1;Consultoria
22/10/2021;19/11/2021;Vendas;5251;0;Receita
16/09/2021;19/11/2021;Marketing;0;1;Juros
22/10/2021;20/11/2021;Vendas;6553;0;Receita
24/10/2021;20/11/2021;RH;0;1;Consultoria
06/10/2021;21/11/2021;Vendas;4180;0;Receita
23/10/2021;21/11/2021;Marketing;0;1;Salários
28/10/2021;22/11/2021;Vendas;908;0;Receita
11/09/2021;22/11/2021;Vendas;0;1;Vendas
16/09/2021;23/11/2021;Vendas;4752;0;Receita
01/11/2021;23/11/2021;Marketing;0;1;Software
27/08/2021;24/11/2021;Vendas;4898;0;Receita
14/09/2021;24/11/2021;Operações;0;1;Custos de Produção
22/10/2021;25/11/2021;Vendas;192;0;Receita
02/09/2021;25/11/2021;Financeiro;0;1;Salários
20/09/2021;26/11/2021;Vendas;6322;0;Receita
14/09/2021;26/11/2021;Vendas;0;1;Custos de Produção
20/10/2021;27/11/2021;Vendas;4779;0;Receita
12/10/2021;27/11/2021;Vendas;0;1;Custos de Produção
13/09/2021;28/11/2021;Vendas;1362;0;Receita
29/09/2021;28/11/2021;Vendas;0;1;Viagens
27/09/2021;29/11/2021;Vendas;7094;0;Receita
25/09/2021;29/11/2021;Marketing;0;1;Viagens
03/09/2021;30/11/2021;Vendas;4947;0;Receita
23/10/2021;30/11/2021;Operações;0;1;Vendas
10/10/2021;01/12/2021;Vendas;3711;0;Receita
04/09/2021;01/12/2021;Financeiro;0;1;Custos de Produção
18/10/2021;02/12/2021;Vendas;205;0;Receita
19/10/2021;02/12/2021;Marketing;0;1;Pesquisa e Desenvolvimento
27/10/2021;03/12/2021;Vendas;7522;0;Receita
06/09/2021;03/12/2021;Marketing;0;1;Equipamento
05/09/2021;04/12/2021;Vendas;765;0;Receita
07/11/2021;04/12/2021;Marketing;0;1;Licenças
03/10/2021;05/12/2021;Vendas;293;0;Receita
11/10/2021;05/12/2021;Vendas;0;1;Vendas
11/11/2021;06/12/2021;Vendas;4436;0;Receita
08/10/2021;06/12/2021;RH;0;1;Impostos
10/10/2021;07/12/2021;Vendas;8617;0;Receita
08/10/2021;07/12/2021;Operações;0;1;Consultoria
26/10/2021;08/12/2021;Vendas;8279;0;Receita
29/09/2021;08/12/2021;Financeiro;0;1;Custos de Produção
14/11/2021;09/12/2021;Vendas;5231;0;Receita
04/10/2021;09/12/2021;Marketing;0;1;Utilidades
09/11/2021;10/12/2021;Vendas;6786;0;Receita
10/11/2021;10/12/2021;Financeiro;0;1;Seguros
14/09/2021;11/12/2021;Vendas;7458;0;Receita
29/09/2021;11/12/2021;Operações;0;1;Frete
20/10/2021;12/12/2021;Vendas;2754;0;Receita
18/09/2021;12/12/2021;Financeiro;0;1;Salários
10/11/2021;13/12/2021;Vendas;7764;0;Receita
23/11/2021;13/12/2021;Operações;0;1;Publicidade
01/10/2021;14/12/2021;Vendas;6053;0;Receita
08/11/2021;14/12/2021;Financeiro;0;1;Utilidades
25/09/2021;15/12/2021;Vendas;3278;0;Receita
04/10/2021;15/12/2021;Marketing;0;1;Vendas
14/10/2021;16/12/2021;Vendas;3597;0;Receita
10/10/2021;16/12/2021;Financeiro;0;1;Amortização
29/10/2021;17/12/2021;Vendas;757;0;Receita
28/09/2021;17/12/2021;Vendas;0;1;Amortização
07/11/2021;18/12/2021;Vendas;4379;0;Receita
10/11/2021;18/12/2021;Financeiro;0;1;Material de Escritório
11/10/2021;19/12/2021;Vendas;3150;0;Receita
11/11/2021;19/12/2021;Marketing;0;1;Equipamento
20/10/2021;20/12/2021;Vendas;5331;0;Receita
30/09/2021;20/12/2021;Operações;0;1;Pesquisa e Desenvolvimento
23/11/2021;21/12/2021;Vendas;3386;0;Receita
29/10/2021;21/12/2021;Vendas;0;1;Custos de Produção
02/10/2021;22/12/2021;Vendas;7357;0;Receita
28/10/2021;22/12/2021;Financeiro;0;1;Publicidade
19/10/2021;23/12/2021;Vendas;337;0;Receita
11/11/2021;23/12/2021;Operações;0;1;Salários
01/12/2021;24/12/2021;Vendas;3661;0;Receita
30/09/2021;24/12/2021;Vendas;0;1;Software
21/11/2021;25/12/2021;Vendas;3735;0;Receita
13/10/2021;25/12/2021;Financeiro;0;1;Custos de Produção
06/12/2021;26/12/2021;Vendas;2455;0;Receita
18/11/2021;26/12/2021;Marketing;0;1;Depreciação
26/11/2021;27/12/2021;Vendas;4317;0;Receita
11/11/2021;27/12/2021;Vendas;0;1;Publicidade
12/10/2021;28/12/2021;Vendas;8187;0;Receita
14/10/2021;28/12/2021;Vendas;0;1;Custos de Produção
13/10/2021;29/12/2021;Vendas;7924;0;Receita
12/10/2021;29/12/2021;Operações;0;1;Vendas
13/10/2021;30/12/2021;Vendas;1323;0;Receita
03/11/2021;30/12/2021;RH;0;1;Juros
21/11/2021;31/12/2021;Vendas;1522628;0;Receita
21/10/2021;31/12/2021;Financeiro;0;-139;Seguros
10/11/2021;01/01/2022;Vendas;49603;0;Receita
16/11/2021;01/01/2022;RH;0;524;Material de Escritório
20/11/2021;02/01/2022;Vendas;40856;0;Receita
27/10/2021;02/01/2022;Marketing;0;156876;Amortização
24/11/2021;03/01/2022;Vendas;40840;0;Receita
29/10/2021;03/01/2022;Operações;0;1548057;Custos de Produção
21/11/2021;04/01/2022;Vendas;22237;0;Receita
21/10/2021;04/01/2022;RH;0;29690;Equipamento
07/10/2021;05/01/2022;Vendas;33174;0;Receita
24/10/2021;05/01/2022;Marketing;0;462187;Salários
29/10/2021;06/01/2022;Vendas;21168;0;Receita
01/12/2021;06/01/2022;Operações;0;339438;Custos de Produção
14/12/2021;07/01/2022;Vendas;46877;0;Receita
02/11/2021;07/01/2022;Vendas;0;714106;Salários
30/11/2021;08/01/2022;Vendas;10260;0;Receita
08/11/2021;08/01/2022;Operações;0;252847;Impostos
05/11/2021;09/01/2022;Vendas;42845;0;Receita
30/11/2021;09/01/2022;Financeiro;0;162078;Impostos
02/12/2021;10/01/2022;Vendas;24364;0;Receita
24/11/2021;10/01/2022;Operações;0;38071;Juros
13/11/2021;11/01/2022;Vendas;52658;0;Receita
17/12/2021;11/01/2022;Financeiro;0;673317;Salários
09/12/2021;12/01/2022;Vendas;5205;0;Receita
22/10/2021;12/01/2022;Financeiro;0;154527;Impostos
25/10/2021;13/01/2022;Vendas;26145;0;Receita
14/11/2021;13/01/2022;Vendas;0;71865;Consultoria
18/11/2021;14/01/2022;Vendas;17316;0;Receita
10/11/2021;14/01/2022;RH;0;506648;Salários
12/12/2021;15/01/2022;Vendas;10043;0;Receita
24/11/2021;15/01/2022;Financeiro;0;175005;Salários
12/12/2021;16/01/2022;Vendas;38699;0;Receita
04/12/2021;16/01/2022;Marketing;0;163859;Vendas
21/10/2021;17/01/2022;Vendas;17386;0;Receita
17/11/2021;17/01/2022;Financeiro;0;243197;Impostos
13/12/2021;18/01/2022;Vendas;17272;0;Receita
11/11/2021;18/01/2022;Operações;0;227130;Impostos
07/12/2021;19/01/2022;Vendas;49768;0;Receita
27/12/2021;19/01/2022;Vendas;0;493735;Custos de Produção
06/11/2021;20/01/2022;Vendas;37944;0;Receita
15/11/2021;20/01/2022;Marketing;0;4113;Consultoria
30/11/2021;21/01/2022;Vendas;26081;0;Receita
27/11/2021;21/01/2022;RH;0;2528;Custos de Produção
09/11/2021;22/01/2022;Vendas;9940;0;Receita
18/12/2021;22/01/2022;RH;0;15010;Pesquisa e Desenvolvimento
29/11/2021;23/01/2022;Vendas;9590;0;Receita
16/12/2021;23/01/2022;Vendas;0;61552;Impostos
08/11/2021;24/01/2022;Vendas;15601;0;Receita
30/12/2021;24/01/2022;Marketing;0;215517;Salários
25/11/2021;25/01/2022;Vendas;9410;0;Receita
01/01/2022;25/01/2022;Operações;0;19841;Software
11/12/2021;26/01/2022;Vendas;20477;0;Receita
08/11/2021;26/01/2022;Vendas;0;318153;Custos de Produção
30/10/2021;27/01/2022;Vendas;1920;0;Receita
12/11/2021;27/01/2022;Operações;0;49644;Vendas
10/11/2021;28/01/2022;Vendas;46231;0;Receita
16/12/2021;28/01/2022;Financeiro;0;1433;Seguros
11/11/2021;29/01/2022;Vendas;29408;0;Receita
06/01/2022;29/01/2022;Operações;0;45515;Impostos
18/12/2021;30/01/2022;Vendas;40382;0;Receita
09/01/2022;30/01/2022;Marketing;0;99281;Vendas
11/11/2021;31/01/2022;Vendas;10999;0;Receita
02/11/2021;31/01/2022;Financeiro;0;764;Licenças
06/12/2021;01/02/2022;Vendas;39606;0;Receita
20/12/2021;01/02/2022;Financeiro;0;14981;Salários
24/11/2021;02/02/2022;Vendas;26853;0;Receita
15/11/2021;02/02/2022;Financeiro;0;187622;Custos de Produção
16/12/2021;03/02/2022;Vendas;5035;0;Receita
03/01/2022;03/02/2022;Vendas;0;146780;Salários
07/01/2022;04/02/2022;Vendas;4862;0;Receita
24/11/2021;04/02/2022;Financeiro;0;54081;Impostos
12/11/2021;05/02/2022;Vendas;47662;0;Receita
10/11/2021;05/02/2022;Marketing;0;83300;Custos de Produção
15/12/2021;06/02/2022;Vendas;14488;0;Receita
09/01/2022;06/02/2022;Vendas;0;22528;Juros
19/12/2021;07/02/2022;Vendas;4203;0;Receita
13/01/2022;07/02/2022;RH;0;210080;Custos de Produção
15/12/2021;08/02/2022;Vendas;37048;0;Receita
26/11/2021;08/02/2022;Marketing;0;45471;Impostos
19/01/2022;09/02/2022;Vendas;25729;0;Receita
27/12/2021;09/02/2022;RH;0;50001;Custos de Produção
11/01/2022;10/02/2022;Vendas;21179;0;Receita
08/01/2022;10/02/2022;Vendas;0;46637;Salários
26/12/2021;11/02/2022;Vendas;4986;0;Receita
04/12/2021;11/02/2022;Operações;0;41795;Custos de Produção
23/12/2021;12/02/2022;Vendas;30316;0;Receita
20/01/2022;12/02/2022;RH;0;37028;Vendas
05/12/2021;13/02/2022;Vendas;849;0;Receita
15/12/2021;13/02/2022;Financeiro;0;841;Software
27/12/2021;14/02/2022;Vendas;51832;0;Receita
13/01/2022;14/02/2022;Marketing;0;1219;Juros
16/12/2021;15/02/2022;Vendas;44838;0;Receita
02/01/2022;15/02/2022;Marketing;0;37311;Vendas
12/01/2022;16/02/2022;Vendas;40796;0;Receita
11/01/2022;16/02/2022;Vendas;0;8088;Frete
01/01/2022;17/02/2022;Vendas;45217;0;Receita
23/11/2021;17/02/2022;RH;0;150118;Custos de Produção
21/11/2021;18/02/2022;Vendas;42907;0;Receita
23/01/2022;18/02/2022;Financeiro;0;11612;Utilidades
06/12/2021;19/02/2022;Vendas;19819;0;Receita
30/01/2022;19/02/2022;Vendas;0;706;Publicidade
30/01/2022;20/02/2022;Vendas;14755;0;Receita
28/12/2021;20/02/2022;Financeiro;0;526;Seguros
05/01/2022;21/02/2022;Vendas;7268;0;Receita
10/12/2021;21/02/2022;Marketing;0;47837;Vendas
15/01/2022;22/02/2022;Vendas;44389;0;Receita
25/12/2021;22/02/2022;Marketing;0;2902;Depreciação
20/01/2022;23/02/2022;Vendas;7947;0;Receita
26/01/2022;23/02/2022;RH;0;7497;Software
04/01/2022;24/02/2022;Vendas;6726;0;Receita
04/12/2021;24/02/2022;RH;0;66534;Custos de Produção
21/12/2021;25/02/2022;Vendas;35472;0;Receita
28/12/2021;25/02/2022;Marketing;0;3486;Publicidade
25/01/2022;26/02/2022;Vendas;8760;0;Receita
31/12/2021;26/02/2022;Marketing;0;32120;Custos de Produção
01/01/2022;27/02/2022;Vendas;22400;0;Receita
01/12/2021;27/02/2022;Financeiro;0;3303;Salários
27/01/2022;28/02/2022;Vendas;28027;0;Receita
10/12/2021;28/02/2022;Vendas;0;73601;Custos de Produção
31/01/2022;01/03/2022;Vendas;42175;0;Receita
08/12/2021;01/03/2022;Vendas;0;1724;Treinamento
22/12/2021;02/03/2022;Vendas;6769;0;Receita
19/01/2022;02/03/2022;Vendas;0;5161;Aluguel
14/12/2021;03/03/2022;Vendas;44861;0;Receita
10/12/2021;03/03/2022;Vendas;0;4349;Salários
12/01/2022;04/03/2022;Vendas;20707;0;Receita
02/01/2022;04/03/2022;Marketing;0;18420;Vendas
01/02/2022;05/03/2022;Vendas;23163;0;Receita
25/01/2022;05/03/2022;Marketing;0;393;Seguros
08/12/2021;06/03/2022;Vendas;4609;0;Receita
16/01/2022;06/03/2022;Financeiro;0;5126;Publicidade
26/12/2021;07/03/2022;Vendas;30479;0;Receita
03/01/2022;07/03/2022;RH;0;394;Viagens
16/01/2022;08/03/2022;Vendas;19551;0;Receita
12/01/2022;08/03/2022;Vendas;0;1128;Depreciação
31/01/2022;09/03/2022;Vendas;25725;0;Receita
16/01/2022;09/03/2022;Marketing;0;47859;Custos de Produção
17/01/2022;10/03/2022;Vendas;20498;0;Receita
11/12/2021;10/03/2022;Financeiro;0;42920;Custos de Produção
13/02/2022;11/03/2022;Vendas;20026;0;Receita
11/01/2022;11/03/2022;Vendas;0;1892;Software
05/01/2022;12/03/2022;Vendas;31393;0;Receita
17/12/2021;12/03/2022;RH;0;7022;Custos de Produção
17/12/2021;13/03/2022;Vendas;39047;0;Receita
13/02/2022;13/03/2022;Marketing;0;7095;Impostos
30/12/2021;14/03/2022;Vendas;41068;0;Receita
03/01/2022;14/03/2022;RH;0;6774;Salários
31/12/2021;15/03/2022;Vendas;29418;0;Receita
16/01/2022;15/03/2022;Operações;0;31912;Custos de Produção
18/01/2022;16/03/2022;Vendas;38535;0;Receita
22/02/2022;16/03/2022;Vendas;0;3583;Depreciação
23/02/2022;17/03/2022;Vendas;43746;0;Receita
14/02/2022;17/03/2022;RH;0;1489;Viagens
01/01/2022;18/03/2022;Vendas;15783;0;Receita
17/02/2022;18/03/2022;Financeiro;0;2683;Custos de Produção
24/12/2021;19/03/2022;Vendas;8264;0;Receita
22/02/2022;19/03/2022;Financeiro;0;2176;Licenças
24/01/2022;20/03/2022;Vendas;1630;0;Receita
04/01/2022;20/03/2022;Marketing;0;1942;Software
07/02/2022;21/03/2022;Vendas;712;0;Receita
25/01/2022;21/03/2022;Financeiro;0;2475;Consultoria
16/02/2022;22/03/2022;Vendas;11664;0;Receita
30/12/2021;22/03/2022;Financeiro;0;745;Aluguel
07/02/2022;23/03/2022;Vendas;3637;0;Receita
22/01/2022;23/03/2022;Operações;0;2190;Juros
19/02/2022;24/03/2022;Vendas;38704;0;Receita
21/02/2022;24/03/2022;RH;0;2210;Material de Escritório
31/12/2021;25/03/2022;Vendas;17441;0;Receita
02/02/2022;25/03/2022;Financeiro;0;5941;Vendas
31/01/2022;26/03/2022;Vendas;43725;0;Receita
12/01/2022;26/03/2022;Financeiro;0;16757;Custos de Produção
15/02/2022;27/03/2022;Vendas;21208;0;Receita
29/01/2022;27/03/2022;Operações;0;158;Seguros
21/02/2022;28/03/2022;Vendas;38731;0;Receita
18/01/2022;28/03/2022;Financeiro;0;1556;Publicidade
23/02/2022;29/03/2022;Vendas;29158;0;Receita
02/03/2022;29/03/2022;Marketing;0;20057;Custos de Produção
01/01/2022;30/03/2022;Vendas;8834;0;Receita
13/01/2022;30/03/2022;Financeiro;0;1066;Custos de Produção
04/01/2022;31/03/2022;Vendas;16269;0;Receita
11/02/2022;31/03/2022;Financeiro;0;20313;Custos de Produção
11/01/2022;01/04/2022;Vendas;31624;0;Receita
03/02/2022;01/04/2022;Operações;0;11032;Custos de Produção
16/01/2022;02/04/2022;Vendas;41194;0;Receita
26/01/2022;02/04/2022;Marketing;0;767;Impostos
13/01/2022;03/04/2022;Vendas;36132;0;Receita
12/03/2022;03/04/2022;RH;0;11005;Custos de Produção
09/02/2022;04/04/2022;Vendas;17011;0;Receita
26/01/2022;04/04/2022;Vendas;0;1017;Seguros
14/03/2022;05/04/2022;Vendas;12123;0;Receita
08/01/2022;05/04/2022;Operações;0;778;Equipamento
01/03/2022;06/04/2022;Vendas;28422;0;Receita
18/02/2022;06/04/2022;Marketing;0;8994;Custos de Produção
04/02/2022;07/04/2022;Vendas;35893;0;Receita
22/01/2022;07/04/2022;Operações;0;3409;Impostos
16/03/2022;08/04/2022;Vendas;12701;0;Receita
04/03/2022;08/04/2022;Operações;0;108;Aluguel
11/03/2022;09/04/2022;Vendas;35313;0;Receita
18/01/2022;09/04/2022;Operações;0;611;Impostos
12/01/2022;10/04/2022;Vendas;24339;0;Receita
06/02/2022;10/04/2022;Vendas;0;2743;Vendas
05/02/2022;11/04/2022;Vendas;18986;0;Receita
18/01/2022;11/04/2022;Vendas;0;560;Material de Escritório
24/01/2022;12/04/2022;Vendas;25842;0;Receita
31/01/2022;12/04/2022;Financeiro;0;11338;Custos de Produção
02/02/2022;13/04/2022;Vendas;38069;0;Receita
20/02/2022;13/04/2022;Operações;0;4103;Salários
05/03/2022;14/04/2022;Vendas;36405;0;Receita
20/02/2022;14/04/2022;Operações;0;566;Depreciação
22/01/2022;15/04/2022;Vendas;12473;0;Receita
02/02/2022;15/04/2022;Operações;0;297;Salários
27/03/2022;16/04/2022;Vendas;38594;0;Receita
28/01/2022;16/04/2022;Operações;0;1742;Custos de Produção
12/02/2022;17/04/2022;Vendas;9518;0;Receita
26/03/2022;17/04/2022;RH;0;666;Equipamento
24/02/2022;18/04/2022;Vendas;8874;0;Receita
20/03/2022;18/04/2022;Financeiro;0;530;Frete
10/03/2022;19/04/2022;Vendas;18864;0;Receita
23/03/2022;19/04/2022;Financeiro;0;1569;Custos de Produção
26/01/2022;20/04/2022;Vendas;28877;0;Receita
24/02/2022;20/04/2022;Operações;0;2092;Impostos
05/03/2022;21/04/2022;Vendas;2942;0;Receita
25/03/2022;21/04/2022;Operações;0;530;Consultoria
27/02/2022;22/04/2022;Vendas;32211;0;Receita
18/03/2022;22/04/2022;RH;0;626;Aluguel
18/02/2022;23/04/2022;Vendas;23713;0;Receita
18/02/2022;23/04/2022;Vendas;0;185;Utilidades
24/01/2022;24/04/2022;Vendas;31133;0;Receita
07/02/2022;24/04/2022;Operações;0;1831;Impostos
09/02/2022;25/04/2022;Vendas;13427;0;Receita
28/02/2022;25/04/2022;Marketing;0;342;Viagens
22/03/2022;26/04/2022;Vendas;31341;0;Receita
04/03/2022;26/04/2022;Financeiro;0;497;Consultoria
11/02/2022;27/04/2022;Vendas;1804;0;Receita
25/02/2022;27/04/2022;Vendas;0;575;Treinamento
07/02/2022;28/04/2022;Vendas;35251;0;Receita
06/04/2022;28/04/2022;Vendas;0;1447;Vendas
18/03/2022;29/04/2022;Vendas;26145;0;Receita
22/02/2022;29/04/2022;Vendas;0;3855;Custos de Produção
15/02/2022;30/04/2022;Vendas;24941;0;Receita
03/02/2022;30/04/2022;Vendas;0;2319;Vendas
17/02/2022;01/05/2022;Vendas;5580;0;Receita
13/03/2022;01/05/2022;Operações;0;1152;Vendas
08/02/2022;02/05/2022;Vendas;32623;0;Receita
09/03/2022;02/05/2022;Operações;0;2536;Salários
12/04/2022;03/05/2022;Vendas;13697;0;Receita
20/03/2022;03/05/2022;RH;0;532;Impostos
15/03/2022;04/05/2022;Vendas;35553;0;Receita
23/02/2022;04/05/2022;RH;0;974;Salários
18/02/2022;05/05/2022;Vendas;35463;0;Receita
17/02/2022;05/05/2022;Financeiro;0;1508;Vendas
27/03/2022;06/05/2022;Vendas;18903;0;Receita
11/02/2022;06/05/2022;RH;0;350;Salários
30/03/2022;07/05/2022;Vendas;7546;0;Receita
11/02/2022;07/05/2022;RH;0;142;Vendas
14/02/2022;08/05/2022;Vendas;33078;0;Receita
18/03/2022;08/05/2022;RH;0;186;Manutenção
25/03/2022;09/05/2022;Vendas;30713;0;Receita
01/04/2022;09/05/2022;Vendas;0;615;Custos de Produção
07/04/2022;10/05/2022;Vendas;39556;0;Receita
10/02/2022;10/05/2022;Marketing;0;172;Treinamento
29/03/2022;11/05/2022;Vendas;16959;0;Receita
12/02/2022;11/05/2022;RH;0;788;Impostos
20/04/2022;12/05/2022;Vendas;321;0;Receita
15/03/2022;12/05/2022;Financeiro;0;30;Impostos
28/03/2022;13/05/2022;Vendas;31461;0;Receita
19/04/2022;13/05/2022;Operações;0;141;Custos de Produção
04/04/2022;14/05/2022;Vendas;31725;0;Receita
13/03/2022;14/05/2022;Vendas;0;1033;Salários
29/03/2022;15/05/2022;Vendas;4613;0;Receita
22/03/2022;15/05/2022;RH;0;737;Salários
12/03/2022;16/05/2022;Vendas;34932;0;Receita
10/04/2022;16/05/2022;RH;0;1821;Custos de Produção
30/03/2022;17/05/2022;Vendas;24392;0;Receita
12/03/2022;17/05/2022;RH;0;400;Salários
13/03/2022;18/05/2022;Vendas;31778;0;Receita
10/04/2022;18/05/2022;Vendas;0;1234;Custos de Produção
27/02/2022;19/05/2022;Vendas;15116;0;Receita
18/02/2022;19/05/2022;Operações;0;127;Consultoria
26/03/2022;20/05/2022;Vendas;23823;0;Receita
16/03/2022;20/05/2022;RH;0;783;Custos de Produção
30/04/2022;21/05/2022;Vendas;5331;0;Receita
28/03/2022;21/05/2022;Vendas;0;108;Custos de Produção
05/03/2022;22/05/2022;Vendas;587;0;Receita
23/02/2022;22/05/2022;Marketing;0;71;Equipamento
28/04/2022;23/05/2022;Vendas;6277;0;Receita
14/03/2022;23/05/2022;Operações;0;48;Frete
09/04/2022;24/05/2022;Vendas;11767;0;Receita
12/03/2022;24/05/2022;Operações;0;22;Consultoria
01/04/2022;25/05/2022;Vendas;32293;0;Receita
07/04/2022;25/05/2022;Marketing;0;975;Custos de Produção
09/04/2022;26/05/2022;Vendas;18197;0;Receita
14/03/2022;26/05/2022;Vendas;0;1094;Custos de Produção
14/03/2022;27/05/2022;Vendas;35787;0;Receita
20/04/2022;27/05/2022;Financeiro;0;28;Frete
11/04/2022;28/05/2022;Vendas;35036;0;Receita
28/03/2022;28/05/2022;Marketing;0;44;Material de Escritório
05/03/2022;29/05/2022;Vendas;27834;0;Receita
26/04/2022;29/05/2022;Marketing;0;793;Custos de Produção
03/03/2022;30/05/2022;Vendas;36630;0;Receita
24/03/2022;30/05/2022;RH;0;316;Vendas
30/04/2022;31/05/2022;Vendas;21934;0;Receita
18/04/2022;31/05/2022;Operações;0;353;Salários
27/03/2022;01/06/2022;Vendas;1736;0;Receita
26/04/2022;01/06/2022;Financeiro;0;389;Custos de Produção
05/05/2022;02/06/2022;Vendas;23855;0;Receita
10/04/2022;02/06/2022;Financeiro;0;16;Publicidade
23/04/2022;03/06/2022;Vendas;26388;0;Receita
11/04/2022;03/06/2022;Vendas;0;36;Aluguel
12/03/2022;04/06/2022;Vendas;7629;0;Receita
23/03/2022;04/06/2022;Operações;0;242;Custos de Produção
20/03/2022;05/06/2022;Vendas;16946;0;Receita
10/03/2022;05/06/2022;Operações;0;10;Depreciação
12/03/2022;06/06/2022;Vendas;5427;0;Receita
25/04/2022;06/06/2022;Vendas;0;39;Aluguel
10/03/2022;07/06/2022;Vendas;26519;0;Receita
13/05/2022;07/06/2022;RH;0;74;Vendas
22/03/2022;08/06/2022;Vendas;25338;0;Receita
10/03/2022;08/06/2022;Vendas;0;35;Depreciação
18/04/2022;09/06/2022;Vendas;9915;0;Receita
15/04/2022;09/06/2022;Operações;0;14;Publicidade
11/05/2022;10/06/2022;Vendas;35632;0;Receita
16/03/2022;10/06/2022;Operações;0;142;Custos de Produção
13/05/2022;11/06/2022;Vendas;17426;0;Receita
24/03/2022;11/06/2022;Financeiro;0;12;Vendas
10/05/2022;12/06/2022;Vendas;13336;0;Receita
09/05/2022;12/06/2022;Vendas;0;31;Depreciação
29/04/2022;13/06/2022;Vendas;6023;0;Receita
02/05/2022;13/06/2022;RH;0;37;Manutenção
19/03/2022;14/06/2022;Vendas;19086;0;Receita
16/05/2022;14/06/2022;RH;0;10;Aluguel
27/04/2022;15/06/2022;Vendas;15678;0;Receita
19/04/2022;15/06/2022;Financeiro;0;8;Licenças
16/05/2022;16/06/2022;Vendas;28512;0;Receita
13/05/2022;16/06/2022;Marketing;0;37;Impostos
05/04/2022;17/06/2022;Vendas;16840;0;Receita
08/05/2022;17/06/2022;Vendas;0;16;Viagens
10/05/2022;18/06/2022;Vendas;14107;0;Receita
28/04/2022;18/06/2022;Operações;0;7;Utilidades
09/04/2022;19/06/2022;Vendas;2497;0;Receita
05/05/2022;19/06/2022;Vendas;0;7;Consultoria
19/05/2022;20/06/2022;Vendas;2243;0;Receita
09/05/2022;20/06/2022;Operações;0;223;Custos de Produção
27/03/2022;21/06/2022;Vendas;5009;0;Receita
19/04/2022;21/06/2022;Financeiro;0;13;Consultoria
21/04/2022;22/06/2022;Vendas;24339;0;Receita
22/05/2022;22/06/2022;Financeiro;0;65;Custos de Produção
20/05/2022;23/06/2022;Vendas;31551;0;Receita
20/05/2022;23/06/2022;RH;0;9;Aluguel
10/04/2022;24/06/2022;Vendas;9751;0;Receita
31/05/2022;24/06/2022;RH;0;89;Salários
09/04/2022;25/06/2022;Vendas;31304;0;Receita
06/04/2022;25/06/2022;Operações;0;14;Equipamento
19/04/2022;26/06/2022;Vendas;24950;0;Receita
02/04/2022;26/06/2022;RH;0;16;Depreciação
29/04/2022;27/06/2022;Vendas;26843;0;Receita
22/04/2022;27/06/2022;Operações;0;1;Depreciação
10/05/2022;28/06/2022;Vendas;8887;0;Receita
19/04/2022;28/06/2022;RH;0;90;Custos de Produção
05/06/2022;29/06/2022;Vendas;28437;0;Receita
22/05/2022;29/06/2022;RH;0;40;Custos de Produção
05/04/2022;30/06/2022;Vendas;33888;0;Receita
14/04/2022;30/06/2022;Operações;0;22;Depreciação
11/04/2022;01/07/2022;Vendas;16592;0;Receita
31/05/2022;01/07/2022;Financeiro;0;73;Impostos
28/05/2022;02/07/2022;Vendas;26311;0;Receita
15/05/2022;02/07/2022;Marketing;0;162;Salários
09/06/2022;03/07/2022;Vendas;13006;0;Receita
27/04/2022;03/07/2022;RH;0;36;Vendas
28/04/2022;04/07/2022;Vendas;26947;0;Receita
22/04/2022;04/07/2022;Financeiro;0;7;Material de Escritório
09/05/2022;05/07/2022;Vendas;33934;0;Receita
17/05/2022;05/07/2022;Marketing;0;6;Impostos
13/04/2022;06/07/2022;Vendas;31367;0;Receita
04/05/2022;06/07/2022;Vendas;0;23;Salários
06/05/2022;07/07/2022;Vendas;21911;0;Receita
21/04/2022;07/07/2022;Marketing;0;62;Salários
07/06/2022;08/07/2022;Vendas;21966;0;Receita
10/06/2022;08/07/2022;Operações;0;1;Viagens
25/04/2022;09/07/2022;Vendas;20337;0;Receita
04/06/2022;09/07/2022;Marketing;0;9;Depreciação
23/04/2022;10/07/2022;Vendas;23328;0;Receita
02/06/2022;10/07/2022;Vendas;0;74;Custos de Produção
15/05/2022;11/07/2022;Vendas;20013;0;Receita
04/05/2022;11/07/2022;Vendas;0;68;Custos de Produção
18/05/2022;12/07/2022;Vendas;16123;0;Receita
28/04/2022;12/07/2022;Marketing;0;7;Pesquisa e Desenvolvimento
23/06/2022;13/07/2022;Vendas;17409;0;Receita
14/04/2022;13/07/2022;Financeiro;0;124;Custos de Produção
29/05/2022;14/07/2022;Vendas;2324;0;Receita
05/05/2022;14/07/2022;RH;0;34;Custos de Produção
15/05/2022;15/07/2022;Vendas;16370;0;Receita
13/05/2022;15/07/2022;Vendas;0;2;Seguros
04/06/2022;16/07/2022;Vendas;30254;0;Receita
27/04/2022;16/07/2022;Operações;0;7;Amortização
17/05/2022;17/07/2022;Vendas;13464;0;Receita
14/05/2022;17/07/2022;RH;0;1;Custos de Produção
08/06/2022;18/07/2022;Vendas;6164;0;Receita
30/04/2022;18/07/2022;Vendas;0;11;Custos de Produção
03/06/2022;19/07/2022;Vendas;15590;0;Receita
07/06/2022;19/07/2022;Vendas;0;62;Custos de Produção
29/05/2022;20/07/2022;Vendas;7236;0;Receita
06/06/2022;20/07/2022;Financeiro;0;1;Aluguel
02/06/2022;21/07/2022;Vendas;13633;0;Receita
29/04/2022;21/07/2022;RH;0;47;Custos de Produção
11/06/2022;22/07/2022;Vendas;29191;0;Receita
12/06/2022;22/07/2022;RH;0;23;Salários
11/06/2022;23/07/2022;Vendas;24965;0;Receita
16/05/2022;23/07/2022;Vendas;0;43;Custos de Produção
28/05/2022;24/07/2022;Vendas;22351;0;Receita
28/06/2022;24/07/2022;Vendas;0;5;Frete
04/07/2022;25/07/2022;Vendas;15874;0;Receita
11/06/2022;25/07/2022;Operações;0;26;Salários
17/05/2022;26/07/2022;Vendas;28339;0;Receita
30/04/2022;26/07/2022;Operações;0;8;Custos de Produção
21/05/2022;27/07/2022;Vendas;13073;0;Receita
23/05/2022;27/07/2022;Vendas;0;5;Treinamento
07/05/2022;28/07/2022;Vendas;14199;0;Receita
07/07/2022;28/07/2022;Marketing;0;13;Custos de Produção
19/06/2022;29/07/2022;Vendas;2811;0;Receita
08/05/2022;29/07/2022;Marketing;0;8;Impostos
12/05/2022;30/07/2022;Vendas;23626;0;Receita
26/05/2022;30/07/2022;Vendas;0;8;Salários
15/06/2022;31/07/2022;Vendas;11539;0;Receita
13/06/2022;31/07/2022;RH;0;3;Software
29/06/2022;01/08/2022;Vendas;21903;0;Receita
29/05/2022;01/08/2022;Financeiro;0;37;Custos de Produção
11/07/2022;02/08/2022;Vendas;8360;0;Receita
28/06/2022;02/08/2022;Financeiro;0;29;Custos de Produção
20/06/2022;03/08/2022;Vendas;416;0;Receita
19/06/2022;03/08/2022;Marketing;0;2;Vendas
10/06/2022;04/08/2022;Vendas;10538;0;Receita
30/06/2022;04/08/2022;Marketing;0;3;Impostos
04/07/2022;05/08/2022;Vendas;159;0;Receita
12/07/2022;05/08/2022;Vendas;0;2;Software
08/07/2022;06/08/2022;Vendas;21320;0;Receita
26/06/2022;06/08/2022;RH;0;5;Salários
31/05/2022;07/08/2022;Vendas;816;0;Receita
10/07/2022;07/08/2022;Marketing;0;5;Salários
09/07/2022;08/08/2022;Vendas;2412;0;Receita
17/05/2022;08/08/2022;RH;0;1;Pesquisa e Desenvolvimento
27/06/2022;09/08/2022;Vendas;18331;0;Receita
22/05/2022;09/08/2022;Financeiro;0;1;Treinamento
17/06/2022;10/08/2022;Vendas;24734;0;Receita
01/06/2022;10/08/2022;Financeiro;0;6;Custos de Produção
11/06/2022;11/08/2022;Vendas;4245;0;Receita
10/07/2022;11/08/2022;Financeiro;0;1;Vendas
18/07/2022;12/08/2022;Vendas;28628;0;Receita
31/05/2022;12/08/2022;Financeiro;0;11;Salários
15/07/2022;13/08/2022;Vendas;30965;0;Receita
17/05/2022;13/08/2022;Vendas;0;2;Depreciação
30/06/2022;14/08/2022;Vendas;1219;0;Receita
08/07/2022;14/08/2022;Financeiro;0;1;Equipamento
11/07/2022;15/08/2022;Vendas;8433;0;Receita
16/07/2022;15/08/2022;Marketing;0;2;Frete
10/06/2022;16/08/2022;Vendas;18784;0;Receita
16/06/2022;16/08/2022;Operações;0;4;Impostos
22/05/2022;17/08/2022;Vendas;25234;0;Receita
28/05/2022;17/08/2022;Financeiro;0;4;Custos de Produção
28/07/2022;18/08/2022;Vendas;12790;0;Receita
16/06/2022;18/08/2022;Financeiro;0;1;Depreciação
11/06/2022;19/08/2022;Vendas;7404;0;Receita
27/07/2022;19/08/2022;RH;0;21;Custos de Produção
25/07/2022;20/08/2022;Vendas;8464;0;Receita
04/06/2022;20/08/2022;Operações;0;9;Salários
09/07/2022;21/08/2022;Vendas;6710;0;Receita
23/07/2022;21/08/2022;RH;0;6;Salários
15/06/2022;22/08/2022;Vendas;1073;0;Receita
12/07/2022;22/08/2022;Marketing;0;1;Juros
09/07/2022;23/08/2022;Vendas;5810;0;Receita
29/05/2022;23/08/2022;Financeiro;0;2;Vendas
25/06/2022;24/08/2022;Vendas;30156;0;Receita
05/07/2022;24/08/2022;RH;0;1;Equipamento
26/06/2022;25/08/2022;Vendas;17301;0;Receita
17/06/2022;25/08/2022;Marketing;0;6;Vendas
29/05/2022;26/08/2022;Vendas;25417;0;Receita
30/06/2022;26/08/2022;Financeiro;0;2;Impostos
01/08/2022;27/08/2022;Vendas;20482;0;Receita
26/06/2022;27/08/2022;Operações;0;1;Vendas
18/07/2022;28/08/2022;Vendas;27869;0;Receita
13/07/2022;28/08/2022;RH;0;6;Custos de Produção
14/07/2022;29/08/2022;Vendas;1232;0;Receita
07/07/2022;29/08/2022;Financeiro;0;1;Equipamento
18/06/2022;30/08/2022;Vendas;2628;0;Receita
09/06/2022;30/08/2022;Operações;0;1;Utilidades
03/08/2022;31/08/2022;Vendas;6905;0;Receita
02/07/2022;31/08/2022;Operações;0;4;Salários
30/06/2022;01/09/2022;Vendas;8042;0;Receita
05/08/2022;01/09/2022;RH;0;1;Aluguel
05/06/2022;02/09/2022;Vendas;23132;0;Receita
06/08/2022;02/09/2022;Operações;0;1;Utilidades
25/07/2022;03/09/2022;Vendas;16535;0;Receita
05/06/2022;03/09/2022;Vendas;0;1;Frete
05/08/2022;04/09/2022;Vendas;23983;0;Receita
04/08/2022;04/09/2022;Operações;0;1;Frete
29/07/2022;05/09/2022;Vendas;28695;0;Receita
31/07/2022;05/09/2022;RH;0;1;Treinamento
23/06/2022;06/09/2022;Vendas;2559;0;Receita
21/07/2022;06/09/2022;Vendas;0;4;Vendas
11/07/2022;07/09/2022;Vendas;5945;0;Receita
30/06/2022;07/09/2022;Operações;0;1;Juros
20/06/2022;08/09/2022;Vendas;14403;0;Receita
08/08/2022;08/09/2022;Vendas;0;1;Treinamento
21/07/2022;09/09/2022;Vendas;7581;0;Receita
14/07/2022;09/09/2022;Operações;0;5;Custos de Produção
13/08/2022;10/09/2022;Vendas;6743;0;Receita
21/07/2022;10/09/2022;RH;0;1;Pesquisa e Desenvolvimento
09/07/2022;11/09/2022;Vendas;3299;0;Receita
19/06/2022;11/09/2022;Vendas;0;2;Custos de Produção
29/07/2022;12/09/2022;Vendas;20806;0;Receita
23/06/2022;12/09/2022;RH;0;3;Vendas
15/06/2022;13/09/2022;Vendas;4484;0;Receita
19/06/2022;13/09/2022;Financeiro;0;5;Custos de Produção
11/08/2022;14/09/2022;Vendas;3784;0;Receita
17/07/2022;14/09/2022;Marketing;0;1;Publicidade
26/08/2022;15/09/2022;Vendas;23885;0;Receita
15/07/2022;15/09/2022;Vendas;0;1;Custos de Produção
26/07/2022;16/09/2022;Vendas;1932;0;Receita
16/07/2022;16/09/2022;Vendas;0;1;Aluguel
24/08/2022;17/09/2022;Vendas;4634;0;Receita
05/07/2022;17/09/2022;Operações;0;1;Custos de Produção
04/08/2022;18/09/2022;Vendas;9851;0;Receita
24/08/2022;18/09/2022;RH;0;1;Equipamento
07/07/2022;19/09/2022;Vendas;13546;0;Receita
08/08/2022;19/09/2022;Vendas;0;1;Custos de Produção
21/07/2022;20/09/2022;Vendas;3983;0;Receita
27/06/2022;20/09/2022;Operações;0;1;Aluguel
25/08/2022;21/09/2022;Vendas;5984;0;Receita
21/07/2022;21/09/2022;Operações;0;1;Amortização
28/07/2022;22/09/2022;Vendas;22451;0;Receita
28/07/2022;22/09/2022;Vendas;0;1;Impostos
31/07/2022;23/09/2022;Vendas;28120;0;Receita
19/08/2022;23/09/2022;Vendas;0;1;Salários
18/08/2022;24/09/2022;Vendas;3865;0;Receita
28/06/2022;24/09/2022;RH;0;1;Impostos
10/07/2022;25/09/2022;Vendas;7486;0;Receita
03/07/2022;25/09/2022;Marketing;0;1;Utilidades
08/08/2022;26/09/2022;Vendas;21599;0;Receita
26/07/2022;26/09/2022;Vendas;0;1;Salários
17/07/2022;27/09/2022;Vendas;11071;0;Receita
22/08/2022;27/09/2022;Vendas;0;1;Vendas
07/08/2022;28/09/2022;Vendas;16674;0;Receita
21/08/2022;28/09/2022;Financeiro;0;1;Custos de Produção
15/08/2022;29/09/2022;Vendas;26418;0;Receita
01/09/2022;29/09/2022;Operações;0;1;Software
03/07/2022;30/09/2022;Vendas;6783;0;Receita
02/07/2022;30/09/2022;Vendas;0;1;Custos de Produção
04/08/2022;01/10/2022;Vendas;14656;0;Receita
10/09/2022;01/10/2022;Marketing;0;1;Impostos
13/08/2022;02/10/2022;Vendas;16217;0;Receita
05/09/2022;02/10/2022;RH;0;1;Frete
28/08/2022;03/10/2022;Vendas;13031;0;Receita
08/07/2022;03/10/2022;Vendas;0;1;Custos de Produção
05/09/2022;04/10/2022;Vendas;208;0;Receita
19/08/2022;04/10/2022;Vendas;0;1;Material de Escritório
20/07/2022;05/10/2022;Vendas;9759;0;Receita
03/08/2022;05/10/2022;Operações;0;1;Depreciação
31/08/2022;06/10/2022;Vendas;11447;0;Receita
02/08/2022;06/10/2022;Marketing;0;1;Impostos
08/09/2022;07/10/2022;Vendas;15382;0;Receita
25/07/2022;07/10/2022;Financeiro;0;1;Vendas
11/09/2022;08/10/2022;Vendas;6500;0;Receita
21/07/2022;08/10/2022;Vendas;0;1;Salários
17/09/2022;09/10/2022;Vendas;6644;0;Receita
24/07/2022;09/10/2022;RH;0;1;Licenças
19/08/2022;10/10/2022;Vendas;6184;0;Receita
27/07/2022;10/10/2022;Marketing;0;1;Salários
21/08/2022;11/10/2022;Vendas;10150;0;Receita
10/09/2022;11/10/2022;Financeiro;0;1;Aluguel
10/08/2022;12/10/2022;Vendas;16857;0;Receita
22/08/2022;12/10/2022;RH;0;1;Licenças
08/09/2022;13/10/2022;Vendas;17874;0;Receita
29/08/2022;13/10/2022;Financeiro;0;1;Vendas
07/08/2022;14/10/2022;Vendas;8699;0;Receita
25/07/2022;14/10/2022;Vendas;0;1;Seguros
17/08/2022;15/10/2022;Vendas;21629;0;Receita
19/09/2022;15/10/2022;Marketing;0;1;Impostos
02/09/2022;16/10/2022;Vendas;8098;0;Receita
12/09/2022;16/10/2022;RH;0;1;Custos de Produção
06/08/2022;17/10/2022;Vendas;23140;0;Receita
07/08/2022;17/10/2022;Financeiro;0;1;Impostos
20/09/2022;18/10/2022;Vendas;22673;0;Receita
22/08/2022;18/10/2022;Operações;0;1;Salários
13/08/2022;19/10/2022;Vendas;4098;0;Receita
21/08/2022;19/10/2022;Operações;0;1;Equipamento
18/08/2022;20/10/2022;Vendas;9915;0;Receita
01/08/2022;20/10/2022;RH;0;1;Custos de Produção
24/08/2022;21/10/2022;Vendas;7308;0;Receita
25/08/2022;21/10/2022;Vendas;0;1;Vendas
17/08/2022;22/10/2022;Vendas;25818;0;Receita
29/09/2022;22/10/2022;Vendas;0;1;Seguros
05/09/2022;23/10/2022;Vendas;17671;0;Receita
17/09/2022;23/10/2022;Operações;0;1;Software
17/09/2022;24/10/2022;Vendas;24477;0;Receita
20/08/2022;24/10/2022;Financeiro;0;1;Amortização
30/07/2022;25/10/2022;Vendas;21870;0;Receita
11/09/2022;25/10/2022;Financeiro;0;1;Impostos
16/08/2022;26/10/2022;Vendas;10663;0;Receita
14/09/2022;26/10/2022;Operações;0;1;Treinamento
18/08/2022;27/10/2022;Vendas;18541;0;Receita
04/09/2022;27/10/2022;Financeiro;0;1;Material de Escritório
25/08/2022;28/10/2022;Vendas;24580;0;Receita
20/08/2022;28/10/2022;Vendas;0;1;Custos de Produção
25/08/2022;29/10/2022;Vendas;14036;0;Receita
04/10/2022;29/10/2022;Vendas;0;1;Custos de Produção
02/08/2022;30/10/2022;Vendas;12500;0;Receita
08/08/2022;30/10/2022;RH;0;1;Utilidades
20/08/2022;31/10/2022;Vendas;2279;0;Receita
11/08/2022;31/10/2022;RH;0;1;Viagens
12/10/2022;01/11/2022;Vendas;6931;0;Receita
19/08/2022;01/11/2022;Marketing;0;1;Manutenção
08/08/2022;02/11/2022;Vendas;3360;0;Receita
21/08/2022;02/11/2022;Marketing;0;1;Custos de Produção
13/09/2022;03/11/2022;Vendas;859;0;Receita
08/08/2022;03/11/2022;Operações;0;1;Salários
07/08/2022;04/11/2022;Vendas;412;0;Receita
29/09/2022;04/11/2022;RH;0;1;Aluguel
16/09/2022;05/11/2022;Vendas;23868;0;Receita
14/08/2022;05/11/2022;RH;0;1;Custos de Produção
25/08/2022;06/11/2022;Vendas;13234;0;Receita
05/09/2022;06/11/2022;Financeiro;0;1;Amortização
06/09/2022;07/11/2022;Vendas;8721;0;Receita
19/08/2022;07/11/2022;Financeiro;0;1;Depreciação
14/10/2022;08/11/2022;Vendas;18742;0;Receita
29/09/2022;08/11/2022;RH;0;1;Juros
22/09/2022;09/11/2022;Vendas;10579;0;Receita
23/08/2022;09/11/2022;RH;0;1;Manutenção
13/09/2022;10/11/2022;Vendas;9106;0;Receita
25/08/2022;10/11/2022;RH;0;1;Custos de Produção
11/10/2022;11/11/2022;Vendas;18834;0;Receita
20/08/2022;11/11/2022;Financeiro;0;1;Material de Escritório
14/08/2022;12/11/2022;Vendas;18533;0;Receita
15/10/2022;12/11/2022;Financeiro;0;1;Utilidades
20/10/2022;13/11/2022;Vendas;20325;0;Receita
30/08/2022;13/11/2022;Vendas;0;1;Material de Escritório
21/10/2022;14/11/2022;Vendas;9166;0;Receita
07/09/2022;14/11/2022;Financeiro;0;1;Utilidades
08/09/2022;15/11/2022;Vendas;2354;0;Receita
24/08/2022;15/11/2022;Financeiro;0;1;Frete
03/09/2022;16/11/2022;Vendas;11882;0;Receita
19/09/2022;16/11/2022;Operações;0;1;Seguros
16/09/2022;17/11/2022;Vendas;12826;0;Receita
16/09/2022;17/11/2022;Operações;0;1;Publicidade
06/09/2022;18/11/2022;Vendas;4540;0;Receita
10/09/2022;18/11/2022;RH;0;1;Salários
07/09/2022;19/11/2022;Vendas;20414;0;Receita
30/09/2022;19/11/2022;Marketing;0;1;Aluguel
11/09/2022;20/11/2022;Vendas;3067;0;Receita
24/08/2022;20/11/2022;Marketing;0;1;Custos de Produção
25/09/2022;21/11/2022;Vendas;4941;0;Receita
19/09/2022;21/11/2022;Operações;0;1;Salários
03/09/2022;22/11/2022;Vendas;20151;0;Receita
15/10/2022;22/11/2022;RH;0;1;Custos de Produção
15/09/2022;23/11/2022;Vendas;7401;0;Receita
26/10/2022;23/11/2022;Marketing;0;1;Utilidades
08/09/2022;24/11/2022;Vendas;4996;0;Receita
08/09/2022;24/11/2022;Operações;0;1;Publicidade
09/10/2022;25/11/2022;Vendas;9783;0;Receita
11/09/2022;25/11/2022;RH;0;1;Custos de Produção
25/10/2022;26/11/2022;Vendas;20860;0;Receita
05/11/2022;26/11/2022;Vendas;0;1;Amortização
13/10/2022;27/11/2022;Vendas;4437;0;Receita
02/09/2022;27/11/2022;RH;0;1;Manutenção
28/10/2022;28/11/2022;Vendas;4139;0;Receita
13/09/2022;28/11/2022;Vendas;0;1;Custos de Produção
13/10/2022;29/11/2022;Vendas;12685;0;Receita
29/09/2022;29/11/2022;RH;0;1;Salários
05/09/2022;30/11/2022;Vendas;13534;0;Receita
01/11/2022;30/11/2022;RH;0;1;Depreciação
25/10/2022;01/12/2022;Vendas;562;0;Receita
07/09/2022;01/12/2022;Operações;0;1;Viagens
22/09/2022;02/12/2022;Vendas;22401;0;Receita
24/09/2022;02/12/2022;Marketing;0;1;Pesquisa e Desenvolvimento
05/10/2022;03/12/2022;Vendas;5703;0;Receita
25/09/2022;03/12/2022;Operações;0;1;Custos de Produção
19/09/2022;04/12/2022;Vendas;5078;0;Receita
03/11/2022;04/12/2022;Operações;0;1;Salários
13/11/2022;05/12/2022;Vendas;249;0;Receita
10/09/2022;05/12/2022;Operações;0;1;Custos de Produção
03/11/2022;06/12/2022;Vendas;19480;0;Receita
07/11/2022;06/12/2022;Vendas;0;1;Custos de Produção
31/10/2022;07/12/2022;Vendas;21676;0;Receita
07/11/2022;07/12/2022;RH;0;1;Aluguel
27/10/2022;08/12/2022;Vendas;12647;0;Receita
25/09/2022;08/12/2022;Financeiro;0;1;Custos de Produção
13/11/2022;09/12/2022;Vendas;14707;0;Receita
27/10/2022;09/12/2022;Vendas;0;1;Vendas
27/09/2022;10/12/2022;Vendas;18477;0;Receita
22/09/2022;10/12/2022;Marketing;0;1;Custos de Produção
13/10/2022;11/12/2022;Vendas;10226;0;Receita
28/09/2022;11/12/2022;Financeiro;0;1;Vendas
05/10/2022;12/12/2022;Vendas;7813;0;Receita
25/09/2022;12/12/2022;Operações;0;1;Custos de Produção
04/11/2022;13/12/2022;Vendas;16787;0;Receita
01/10/2022;13/12/2022;Marketing;0;1;Salários
01/10/2022;14/12/2022;Vendas;13313;0;Receita
13/11/2022;14/12/2022;Vendas;0;1;Custos de Produção
05/11/2022;15/12/2022;Vendas;3984;0;Receita
12/10/2022;15/12/2022;Operações;0;1;Viagens
25/10/2022;16/12/2022;Vendas;22322;0;Receita
08/10/2022;16/12/2022;Operações;0;1;Vendas
08/11/2022;17/12/2022;Vendas;13410;0;Receita
25/09/2022;17/12/2022;Financeiro;0;1;Pesquisa e Desenvolvimento
18/10/2022;18/12/2022;Vendas;8627;0;Receita
07/10/2022;18/12/2022;Operações;0;1;Viagens
18/11/2022;19/12/2022;Vendas;5793;0;Receita
02/10/2022;19/12/2022;Marketing;0;1;Material de Escritório
17/11/2022;20/12/2022;Vendas;7652;0;Receita
10/11/2022;20/12/2022;Marketing;0;1;Custos de Produção
01/10/2022;21/12/2022;Vendas;20388;0;Receita
21/10/2022;21/12/2022;Vendas;0;1;Salários
26/09/2022;22/12/2022;Vendas;4642;0;Receita
01/10/2022;22/12/2022;Operações;0;1;Pesquisa e Desenvolvimento
21/11/2022;23/12/2022;Vendas;5090;0;Receita
15/10/2022;23/12/2022;Vendas;0;1;Salários
23/11/2022;24/12/2022;Vendas;351;0;Receita
01/11/2022;24/12/2022;Marketing;0;1;Salários
22/11/2022;25/12/2022;Vendas;799;0;Receita
03/11/2022;25/12/2022;Operações;0;1;Vendas
21/10/2022;26/12/2022;Vendas;14742;0;Receita
27/10/2022;26/12/2022;Vendas;0;1;Salários
12/11/2022;27/12/2022;Vendas;16490;0;Receita
01/11/2022;27/12/2022;Marketing;0;1;Viagens
04/11/2022;28/12/2022;Vendas;11084;0;Receita
22/11/2022;28/12/2022;Operações;0;1;Publicidade
05/10/2022;29/12/2022;Vendas;15745;0;Receita
09/11/2022;29/12/2022;RH;0;1;Juros
15/10/2022;30/12/2022;Vendas;20760;0;Receita
28/11/2022;30/12/2022;Vendas;0;1;Impostos
09/11/2022;31/12/2022;Vendas;3915558;0;Receita
10/10/2022;31/12/2022;RH;0;-86;Seguros
16/10/2022;01/01/2023;Vendas;33267;0;Receita
17/11/2022;01/01/2023;Marketing;0;67021;Equipamento
24/10/2022;02/01/2023;Vendas;32502;0;Receita
03/11/2022;02/01/2023;Financeiro;0;74889;Vendas
15/11/2022;03/01/2023;Vendas;59409;0;Receita
01/11/2022;03/01/2023;Financeiro;0;11408;Impostos
28/11/2022;04/01/2023;Vendas;19756;0;Receita
06/12/2022;04/01/2023;Marketing;0;86729;Salários
27/10/2022;05/01/2023;Vendas;1530;0;Receita
19/11/2022;05/01/2023;Vendas;0;42383;Salários
21/11/2022;06/01/2023;Vendas;32943;0;Receita
25/11/2022;06/01/2023;Marketing;0;26894;Impostos
29/10/2022;07/01/2023;Vendas;36943;0;Receita
20/10/2022;07/01/2023;Operações;0;72251;Treinamento
03/11/2022;08/01/2023;Vendas;52936;0;Receita
15/12/2022;08/01/2023;Vendas;0;69043;Impostos
04/12/2022;09/01/2023;Vendas;41738;0;Receita
28/10/2022;09/01/2023;Operações;0;256992;Vendas
09/11/2022;10/01/2023;Vendas;39711;0;Receita
13/11/2022;10/01/2023;Operações;0;645370;Custos de Produção
04/11/2022;11/01/2023;Vendas;30866;0;Receita
20/12/2022;11/01/2023;Operações;0;56928;Vendas
30/10/2022;12/01/2023;Vendas;22699;0;Receita
02/11/2022;12/01/2023;Financeiro;0;207159;Vendas
16/12/2022;13/01/2023;Vendas;29191;0;Receita
29/10/2022;13/01/2023;RH;0;117441;Vendas
23/10/2022;14/01/2023;Vendas;23953;0;Receita
09/12/2022;14/01/2023;Operações;0;32615;Software
27/11/2022;15/01/2023;Vendas;22423;0;Receita
08/12/2022;15/01/2023;RH;0;11726;Seguros
16/12/2022;16/01/2023;Vendas;11213;0;Receita
16/11/2022;16/01/2023;Operações;0;346030;Custos de Produção
20/10/2022;17/01/2023;Vendas;19167;0;Receita
30/11/2022;17/01/2023;RH;0;197805;Salários
18/11/2022;18/01/2023;Vendas;37901;0;Receita
14/11/2022;18/01/2023;Operações;0;84791;Salários
30/12/2022;19/01/2023;Vendas;41511;0;Receita
01/11/2022;19/01/2023;RH;0;295914;Custos de Produção
15/11/2022;20/01/2023;Vendas;12467;0;Receita
28/11/2022;20/01/2023;Vendas;0;235862;Custos de Produção
27/10/2022;21/01/2023;Vendas;25814;0;Receita
07/11/2022;21/01/2023;Marketing;0;177510;Salários
19/11/2022;22/01/2023;Vendas;7750;0;Receita
17/11/2022;22/01/2023;Marketing;0;12721;Salários
12/12/2022;23/01/2023;Vendas;49354;0;Receita
01/11/2022;23/01/2023;Operações;0;15581;Material de Escritório
26/11/2022;24/01/2023;Vendas;18601;0;Receita
26/12/2022;24/01/2023;RH;0;13421;Frete
09/12/2022;25/01/2023;Vendas;8090;0;Receita
05/12/2022;25/01/2023;Financeiro;0;13698;Publicidade
05/12/2022;26/01/2023;Vendas;34707;0;Receita
10/12/2022;26/01/2023;Vendas;0;80806;Custos de Produção
07/01/2023;27/01/2023;Vendas;46019;0;Receita
21/12/2022;27/01/2023;Vendas;0;12396;Consultoria
04/12/2022;28/01/2023;Vendas;21160;0;Receita
17/12/2022;28/01/2023;Vendas;0;51860;Salários
09/01/2023;29/01/2023;Vendas;31987;0;Receita
21/11/2022;29/01/2023;Operações;0;10043;Aluguel
24/11/2022;30/01/2023;Vendas;14362;0;Receita
05/11/2022;30/01/2023;Operações;0;93903;Custos de Produção
23/12/2022;31/01/2023;Vendas;42854;0;Receita
07/01/2023;31/01/2023;RH;0;90683;Salários
06/11/2022;01/02/2023;Vendas;11660;0;Receita
04/11/2022;01/02/2023;Marketing;0;5129;Equipamento
11/11/2022;02/02/2023;Vendas;8785;0;Receita
14/12/2022;02/02/2023;RH;0;813;Manutenção
10/12/2022;03/02/2023;Vendas;15804;0;Receita
19/12/2022;03/02/2023;Operações;0;9217;Impostos
07/11/2022;04/02/2023;Vendas;18604;0;Receita
06/12/2022;04/02/2023;Operações;0;79901;Salários
01/12/2022;05/02/2023;Vendas;39315;0;Receita
08/01/2023;05/02/2023;Operações;0;34184;Custos de Produção
03/01/2023;06/02/2023;Vendas;5165;0;Receita
15/11/2022;06/02/2023;RH;0;26555;Impostos
27/11/2022;07/02/2023;Vendas;41849;0;Receita
19/11/2022;07/02/2023;RH;0;3424;Vendas
21/11/2022;08/02/2023;Vendas;2808;0;Receita
18/12/2022;08/02/2023;Vendas;0;952;Treinamento
27/12/2022;09/02/2023;Vendas;10909;0;Receita
24/11/2022;09/02/2023;Operações;0;9307;Aluguel
22/12/2022;10/02/2023;Vendas;17209;0;Receita
07/01/2023;10/02/2023;Operações;0;5541;Equipamento
12/01/2023;11/02/2023;Vendas;32719;0;Receita
29/12/2022;11/02/2023;Vendas;0;6686;Aluguel
07/12/2022;12/02/2023;Vendas;10301;0;Receita
14/12/2022;12/02/2023;Vendas;0;8391;Publicidade
19/12/2022;13/02/2023;Vendas;30534;0;Receita
08/01/2023;13/02/2023;Operações;0;6958;Equipamento
20/01/2023;14/02/2023;Vendas;45754;0;Receita
06/01/2023;14/02/2023;Operações;0;4466;Pesquisa e Desenvolvimento
05/01/2023;15/02/2023;Vendas;14775;0;Receita
30/12/2022;15/02/2023;Marketing;0;65183;Salários
11/01/2023;16/02/2023;Vendas;10718;0;Receita
21/01/2023;16/02/2023;Operações;0;3330;Treinamento
25/12/2022;17/02/2023;Vendas;12320;0;Receita
08/01/2023;17/02/2023;Vendas;0;17424;Vendas
14/01/2023;18/02/2023;Vendas;15577;0;Receita
20/01/2023;18/02/2023;RH;0;6752;Licenças
28/12/2022;19/02/2023;Vendas;37566;0;Receita
24/01/2023;19/02/2023;RH;0;6407;Seguros
03/01/2023;20/02/2023;Vendas;23587;0;Receita
30/11/2022;20/02/2023;Operações;0;3198;Publicidade
05/12/2022;21/02/2023;Vendas;43497;0;Receita
22/12/2022;21/02/2023;Financeiro;0;36357;Custos de Produção
31/12/2022;22/02/2023;Vendas;31442;0;Receita
21/12/2022;22/02/2023;Operações;0;65418;Custos de Produção
09/01/2023;23/02/2023;Vendas;15127;0;Receita
30/12/2022;23/02/2023;Vendas;0;9206;Custos de Produção
03/02/2023;24/02/2023;Vendas;45176;0;Receita
22/12/2022;24/02/2023;Operações;0;1246;Impostos
22/01/2023;25/02/2023;Vendas;22338;0;Receita
06/01/2023;25/02/2023;Vendas;0;5188;Vendas
30/01/2023;26/02/2023;Vendas;12365;0;Receita
18/12/2022;26/02/2023;Operações;0;19440;Salários
10/01/2023;27/02/2023;Vendas;32043;0;Receita
19/01/2023;27/02/2023;RH;0;4747;Custos de Produção
17/12/2022;28/02/2023;Vendas;18727;0;Receita
12/12/2022;28/02/2023;Vendas;0;3314;Impostos
06/01/2023;01/03/2023;Vendas;40874;0;Receita
22/01/2023;01/03/2023;Marketing;0;10494;Salários
25/12/2022;02/03/2023;Vendas;40372;0;Receita
07/01/2023;02/03/2023;Operações;0;2252;Manutenção
11/12/2022;03/03/2023;Vendas;25116;0;Receita
04/12/2022;03/03/2023;Financeiro;0;7280;Custos de Produção
05/12/2022;04/03/2023;Vendas;33721;0;Receita
13/12/2022;04/03/2023;Financeiro;0;3575;Pesquisa e Desenvolvimento
30/12/2022;05/03/2023;Vendas;36787;0;Receita
04/02/2023;05/03/2023;Financeiro;0;2016;Aluguel
12/01/2023;06/03/2023;Vendas;29044;0;Receita
28/01/2023;06/03/2023;RH;0;2808;Licenças
17/01/2023;07/03/2023;Vendas;20886;0;Receita
29/12/2022;07/03/2023;Operações;0;1779;Equipamento
05/01/2023;08/03/2023;Vendas;10600;0;Receita
22/01/2023;08/03/2023;Operações;0;19074;Vendas
24/12/2022;09/03/2023;Vendas;38877;0;Receita
06/01/2023;09/03/2023;Vendas;0;3042;Juros
29/12/2022;10/03/2023;Vendas;26225;0;Receita
03/02/2023;10/03/2023;Vendas;0;26833;Custos de Produção
03/01/2023;11/03/2023;Vendas;2663;0;Receita
29/12/2022;11/03/2023;Financeiro;0;17807;Custos de Produção
12/02/2023;12/03/2023;Vendas;42815;0;Receita
31/12/2022;12/03/2023;Financeiro;0;210;Treinamento
02/01/2023;13/03/2023;Vendas;11705;0;Receita
27/12/2022;13/03/2023;RH;0;2219;Impostos
22/02/2023;14/03/2023;Vendas;37608;0;Receita
06/01/2023;14/03/2023;Vendas;0;10895;Vendas
19/02/2023;15/03/2023;Vendas;37778;0;Receita
27/01/2023;15/03/2023;RH;0;565;Seguros
01/02/2023;16/03/2023;Vendas;22836;0;Receita
24/12/2022;16/03/2023;Financeiro;0;380;Amortização
29/12/2022;17/03/2023;Vendas;18172;0;Receita
17/12/2022;17/03/2023;Vendas;0;9720;Vendas
08/01/2023;18/03/2023;Vendas;11341;0;Receita
10/02/2023;18/03/2023;Marketing;0;2575;Vendas
10/02/2023;19/03/2023;Vendas;15954;0;Receita
24/02/2023;19/03/2023;Vendas;0;1192;Treinamento
09/01/2023;20/03/2023;Vendas;19012;0;Receita
06/02/2023;20/03/2023;RH;0;17201;Custos de Produção
24/12/2022;21/03/2023;Vendas;11232;0;Receita
04/02/2023;21/03/2023;Operações;0;6425;Vendas
21/01/2023;22/03/2023;Vendas;3397;0;Receita
18/02/2023;22/03/2023;Financeiro;0;11376;Custos de Produção
02/02/2023;23/03/2023;Vendas;33146;0;Receita
10/02/2023;23/03/2023;Marketing;0;796;Manutenção
15/01/2023;24/03/2023;Vendas;19882;0;Receita
22/02/2023;24/03/2023;Financeiro;0;1059;Amortização
30/01/2023;25/03/2023;Vendas;8184;0;Receita
19/02/2023;25/03/2023;RH;0;292;Material de Escritório
21/02/2023;26/03/2023;Vendas;11718;0;Receita
26/01/2023;26/03/2023;Operações;0;442;Impostos
21/02/2023;27/03/2023;Vendas;5144;0;Receita
03/03/2023;27/03/2023;Operações;0;8040;Custos de Produção
12/02/2023;28/03/2023;Vendas;3236;0;Receita
17/02/2023;28/03/2023;Financeiro;0;418;Salários
31/12/2022;29/03/2023;Vendas;11079;0;Receita
08/02/2023;29/03/2023;Vendas;0;3619;Custos de Produção
03/02/2023;30/03/2023;Vendas;8552;0;Receita
18/02/2023;30/03/2023;Operações;0;1200;Custos de Produção
18/01/2023;31/03/2023;Vendas;7965;0;Receita
01/03/2023;31/03/2023;Financeiro;0;743;Custos de Produção
07/03/2023;01/04/2023;Vendas;21942;0;Receita
15/01/2023;01/04/2023;Operações;0;438;Juros
23/01/2023;02/04/2023;Vendas;16163;0;Receita
21/01/2023;02/04/2023;Operações;0;273;Depreciação
20/01/2023;03/04/2023;Vendas;7844;0;Receita
12/02/2023;03/04/2023;Vendas;0;862;Salários
20/02/2023;04/04/2023;Vendas;30878;0;Receita
06/01/2023;04/04/2023;RH;0;2697;Vendas
28/01/2023;05/04/2023;Vendas;38268;0;Receita
02/02/2023;05/04/2023;Financeiro;0;3801;Custos de Produção
25/01/2023;06/04/2023;Vendas;5435;0;Receita
12/02/2023;06/04/2023;Marketing;0;2006;Custos de Produção
08/03/2023;07/04/2023;Vendas;9656;0;Receita
01/02/2023;07/04/2023;Marketing;0;3325;Salários
02/02/2023;08/04/2023;Vendas;9275;0;Receita
27/01/2023;08/04/2023;RH;0;2875;Salários
24/02/2023;09/04/2023;Vendas;5778;0;Receita
25/02/2023;09/04/2023;Operações;0;192;Licenças
02/02/2023;10/04/2023;Vendas;37025;0;Receita
27/02/2023;10/04/2023;Vendas;0;360;Publicidade
21/01/2023;11/04/2023;Vendas;20985;0;Receita
19/01/2023;11/04/2023;Marketing;0;430;Utilidades
29/01/2023;12/04/2023;Vendas;23345;0;Receita
19/02/2023;12/04/2023;Operações;0;2582;Vendas
26/01/2023;13/04/2023;Vendas;12167;0;Receita
17/01/2023;13/04/2023;Marketing;0;2212;Salários
07/02/2023;14/04/2023;Vendas;22442;0;Receita
09/02/2023;14/04/2023;Financeiro;0;94;Manutenção
01/03/2023;15/04/2023;Vendas;33394;0;Receita
30/01/2023;15/04/2023;Operações;0;3282;Salários
24/03/2023;16/04/2023;Vendas;2210;0;Receita
01/03/2023;16/04/2023;Vendas;0;1904;Salários
22/03/2023;17/04/2023;Vendas;31844;0;Receita
07/02/2023;17/04/2023;Vendas;0;1640;Vendas
06/02/2023;18/04/2023;Vendas;10570;0;Receita
16/02/2023;18/04/2023;RH;0;845;Vendas
29/03/2023;19/04/2023;Vendas;33211;0;Receita
28/03/2023;19/04/2023;RH;0;2331;Custos de Produção
24/02/2023;20/04/2023;Vendas;18842;0;Receita
11/03/2023;20/04/2023;Vendas;0;91;Amortização
07/03/2023;21/04/2023;Vendas;8008;0;Receita
27/02/2023;21/04/2023;Marketing;0;2424;Custos de Produção
21/03/2023;22/04/2023;Vendas;23921;0;Receita
26/03/2023;22/04/2023;Financeiro;0;29;Aluguel
06/02/2023;23/04/2023;Vendas;30030;0;Receita
31/03/2023;23/04/2023;RH;0;1760;Custos de Produção
09/02/2023;24/04/2023;Vendas;22438;0;Receita
24/01/2023;24/04/2023;Financeiro;0;608;Salários
27/02/2023;25/04/2023;Vendas;18157;0;Receita
29/03/2023;25/04/2023;Financeiro;0;123;Juros
11/03/2023;26/04/2023;Vendas;1524;0;Receita
28/01/2023;26/04/2023;Operações;0;866;Custos de Produção
05/04/2023;27/04/2023;Vendas;29952;0;Receita
08/03/2023;27/04/2023;RH;0;984;Salários
28/01/2023;28/04/2023;Vendas;27434;0;Receita
21/03/2023;28/04/2023;Marketing;0;222;Custos de Produção
22/02/2023;29/04/2023;Vendas;30921;0;Receita
17/02/2023;29/04/2023;Financeiro;0;697;Custos de Produção
04/02/2023;30/04/2023;Vendas;33429;0;Receita
15/02/2023;30/04/2023;Operações;0;69;Publicidade
18/03/2023;01/05/2023;Vendas;24773;0;Receita
29/03/2023;01/05/2023;Marketing;0;750;Custos de Produção
29/03/2023;02/05/2023;Vendas;12941;0;Receita
17/03/2023;02/05/2023;Financeiro;0;330;Vendas
21/03/2023;03/05/2023;Vendas;29347;0;Receita
07/02/2023;03/05/2023;Vendas;0;320;Vendas
01/04/2023;04/05/2023;Vendas;29810;0;Receita
11/02/2023;04/05/2023;Financeiro;0;50;Aluguel
15/03/2023;05/05/2023;Vendas;28914;0;Receita
03/03/2023;05/05/2023;Financeiro;0;68;Salários
12/04/2023;06/05/2023;Vendas;13687;0;Receita
10/03/2023;06/05/2023;Vendas;0;25;Juros
18/02/2023;07/05/2023;Vendas;16837;0;Receita
08/04/2023;07/05/2023;Vendas;0;40;Aluguel
10/03/2023;08/05/2023;Vendas;12091;0;Receita
04/04/2023;08/05/2023;Financeiro;0;250;Vendas
22/02/2023;09/05/2023;Vendas;21501;0;Receita
19/02/2023;09/05/2023;Vendas;0;16;Pesquisa e Desenvolvimento
01/04/2023;10/05/2023;Vendas;18644;0;Receita
03/03/2023;10/05/2023;RH;0;442;Salários
03/03/2023;11/05/2023;Vendas;13925;0;Receita
14/04/2023;11/05/2023;Operações;0;243;Custos de Produção
11/03/2023;12/05/2023;Vendas;1614;0;Receita
18/04/2023;12/05/2023;RH;0;5;Depreciação
01/03/2023;13/05/2023;Vendas;3946;0;Receita
31/03/2023;13/05/2023;RH;0;166;Vendas
14/02/2023;14/05/2023;Vendas;5268;0;Receita
14/02/2023;14/05/2023;RH;0;32;Material de Escritório
20/04/2023;15/05/2023;Vendas;10826;0;Receita
12/04/2023;15/05/2023;Financeiro;0;82;Vendas
25/04/2023;16/05/2023;Vendas;23923;0;Receita
22/04/2023;16/05/2023;Financeiro;0;41;Software
10/04/2023;17/05/2023;Vendas;26783;0;Receita
03/04/2023;17/05/2023;Marketing;0;99;Salários
07/04/2023;18/05/2023;Vendas;26091;0;Receita
07/04/2023;18/05/2023;Marketing;0;18;Custos de Produção
29/03/2023;19/05/2023;Vendas;12926;0;Receita
03/03/2023;19/05/2023;Marketing;0;375;Custos de Produção
04/04/2023;20/05/2023;Vendas;61;0;Receita
15/04/2023;20/05/2023;Marketing;0;268;Custos de Produção
13/03/2023;21/05/2023;Vendas;17978;0;Receita
25/04/2023;21/05/2023;RH;0;17;Aluguel
01/03/2023;22/05/2023;Vendas;13674;0;Receita
21/04/2023;22/05/2023;Vendas;0;87;Salários
13/04/2023;23/05/2023;Vendas;716;0;Receita
14/03/2023;23/05/2023;Financeiro;0;64;Salários
12/04/2023;24/05/2023;Vendas;10160;0;Receita
29/04/2023;24/05/2023;Vendas;0;33;Custos de Produção
15/04/2023;25/05/2023;Vendas;15525;0;Receita
11/04/2023;25/05/2023;Financeiro;0;68;Impostos
03/04/2023;26/05/2023;Vendas;23251;0;Receita
05/03/2023;26/05/2023;RH;0;10;Vendas
27/04/2023;27/05/2023;Vendas;20055;0;Receita
03/05/2023;27/05/2023;Vendas;0;9;Amortização
17/03/2023;28/05/2023;Vendas;19736;0;Receita
02/05/2023;28/05/2023;RH;0;4;Depreciação
28/03/2023;29/05/2023;Vendas;6134;0;Receita
11/03/2023;29/05/2023;Vendas;0;3;Utilidades
27/03/2023;30/05/2023;Vendas;1186;0;Receita
18/04/2023;30/05/2023;Financeiro;0;1;Manutenção
06/05/2023;31/05/2023;Vendas;17365;0;Receita
18/04/2023;31/05/2023;Financeiro;0;157;Custos de Produção
06/05/2023;01/06/2023;Vendas;7401;0;Receita
03/03/2023;01/06/2023;Vendas;0;54;Impostos
10/05/2023;02/06/2023;Vendas;2036;0;Receita
30/03/2023;02/06/2023;Financeiro;0;14;Equipamento
04/04/2023;03/06/2023;Vendas;5218;0;Receita
11/03/2023;03/06/2023;Financeiro;0;9;Licenças
27/04/2023;04/06/2023;Vendas;10284;0;Receita
10/04/2023;04/06/2023;Vendas;0;111;Salários
25/04/2023;05/06/2023;Vendas;16425;0;Receita
28/03/2023;05/06/2023;Operações;0;28;Vendas
04/04/2023;06/06/2023;Vendas;9349;0;Receita
19/03/2023;06/06/2023;Operações;0;38;Custos de Produção
20/04/2023;07/06/2023;Vendas;21748;0;Receita
18/03/2023;07/06/2023;Vendas;0;7;Equipamento
04/05/2023;08/06/2023;Vendas;15684;0;Receita
05/04/2023;08/06/2023;RH;0;1;Impostos
01/04/2023;09/06/2023;Vendas;1674;0;Receita
08/05/2023;09/06/2023;Marketing;0;23;Salários
27/03/2023;10/06/2023;Vendas;485;0;Receita
10/04/2023;10/06/2023;RH;0;28;Salários
24/04/2023;11/06/2023;Vendas;16144;0;Receita
06/05/2023;11/06/2023;Operações;0;49;Vendas
29/03/2023;12/06/2023;Vendas;25186;0;Receita
17/04/2023;12/06/2023;RH;0;52;Salários
24/04/2023;13/06/2023;Vendas;12610;0;Receita
09/04/2023;13/06/2023;Vendas;0;41;Salários
04/04/2023;14/06/2023;Vendas;23614;0;Receita
29/03/2023;14/06/2023;RH;0;5;Licenças
17/05/2023;15/06/2023;Vendas;12657;0;Receita
09/05/2023;15/06/2023;Marketing;0;5;Aluguel
18/05/2023;16/06/2023;Vendas;12023;0;Receita
18/05/2023;16/06/2023;Marketing;0;15;Custos de Produção
12/04/2023;17/06/2023;Vendas;8315;0;Receita
20/03/2023;17/06/2023;RH;0;13;Custos de Produção
24/04/2023;18/06/2023;Vendas;24934;0;Receita
07/04/2023;18/06/2023;Marketing;0;68;Custos de Produção
12/05/2023;19/06/2023;Vendas;17607;0;Receita
22/05/2023;19/06/2023;Marketing;0;5;Publicidade
26/03/2023;20/06/2023;Vendas;5962;0;Receita
20/04/2023;20/06/2023;Operações;0;57;Custos de Produção
13/05/2023;21/06/2023;Vendas;15193;0;Receita
02/05/2023;21/06/2023;Marketing;0;1;Viagens
11/04/2023;22/06/2023;Vendas;21524;0;Receita
03/05/2023;22/06/2023;Vendas;0;26;Salários
15/04/2023;23/06/2023;Vendas;165;0;Receita
20/04/2023;23/06/2023;Operações;0;2;Amortização
29/04/2023;24/06/2023;Vendas;6163;0;Receita
26/05/2023;24/06/2023;Financeiro;0;15;Salários
19/05/2023;25/06/2023;Vendas;5061;0;Receita
03/05/2023;25/06/2023;Financeiro;0;1;Juros
02/04/2023;26/06/2023;Vendas;6943;0;Receita
13/04/2023;26/06/2023;RH;0;8;Salários
01/04/2023;27/06/2023;Vendas;15930;0;Receita
07/04/2023;27/06/2023;Financeiro;0;22;Custos de Produção
31/03/2023;28/06/2023;Vendas;25958;0;Receita
25/04/2023;28/06/2023;Marketing;0;3;Vendas
01/06/2023;29/06/2023;Vendas;13406;0;Receita
14/05/2023;29/06/2023;RH;0;17;Salários
19/04/2023;30/06/2023;Vendas;2930;0;Receita
09/04/2023;30/06/2023;RH;0;2;Material de Escritório
10/04/2023;01/07/2023;Vendas;15461;0;Receita
30/04/2023;01/07/2023;RH;0;1;Seguros
27/05/2023;02/07/2023;Vendas;4552;0;Receita
09/05/2023;02/07/2023;RH;0;10;Salários
04/04/2023;03/07/2023;Vendas;10061;0;Receita
17/04/2023;03/07/2023;Operações;0;2;Licenças
26/04/2023;04/07/2023;Vendas;19938;0;Receita
31/05/2023;04/07/2023;Financeiro;0;1;Consultoria
23/04/2023;05/07/2023;Vendas;10068;0;Receita
27/05/2023;05/07/2023;Financeiro;0;10;Vendas
16/05/2023;06/07/2023;Vendas;16500;0;Receita
30/04/2023;06/07/2023;RH;0;1;Publicidade
22/04/2023;07/07/2023;Vendas;23461;0;Receita
29/05/2023;07/07/2023;Financeiro;0;11;Vendas
28/05/2023;08/07/2023;Vendas;1260;0;Receita
02/05/2023;08/07/2023;RH;0;16;Salários
11/05/2023;09/07/2023;Vendas;824;0;Receita
29/04/2023;09/07/2023;RH;0;1;Vendas
23/05/2023;10/07/2023;Vendas;15402;0;Receita
27/04/2023;10/07/2023;Marketing;0;1;Licenças
14/05/2023;11/07/2023;Vendas;861;0;Receita
30/04/2023;11/07/2023;Marketing;0;1;Amortização
24/05/2023;12/07/2023;Vendas;11052;0;Receita
16/06/2023;12/07/2023;Operações;0;15;Custos de Produção
11/05/2023;13/07/2023;Vendas;4087;0;Receita
08/06/2023;13/07/2023;Financeiro;0;1;Depreciação
13/05/2023;14/07/2023;Vendas;7229;0;Receita
20/06/2023;14/07/2023;Marketing;0;2;Vendas
21/06/2023;15/07/2023;Vendas;965;0;Receita
23/05/2023;15/07/2023;Operações;0;1;Seguros
17/04/2023;16/07/2023;Vendas;20371;0;Receita
24/05/2023;16/07/2023;Operações;0;1;Viagens
09/05/2023;17/07/2023;Vendas;6199;0;Receita
23/04/2023;17/07/2023;Operações;0;1;Utilidades
07/06/2023;18/07/2023;Vendas;15298;0;Receita
10/06/2023;18/07/2023;Marketing;0;1;Seguros
10/05/2023;19/07/2023;Vendas;14646;0;Receita
07/05/2023;19/07/2023;Operações;0;1;Treinamento
05/06/2023;20/07/2023;Vendas;1032;0;Receita
01/05/2023;20/07/2023;Vendas;0;12;Custos de Produção
23/05/2023;21/07/2023;Vendas;23628;0;Receita
17/06/2023;21/07/2023;Financeiro;0;1;Depreciação
27/06/2023;22/07/2023;Vendas;15931;0;Receita
26/05/2023;22/07/2023;RH;0;1;Frete
22/06/2023;23/07/2023;Vendas;12263;0;Receita
09/05/2023;23/07/2023;Vendas;0;3;Custos de Produção
27/04/2023;24/07/2023;Vendas;16147;0;Receita
10/05/2023;24/07/2023;Vendas;0;1;Amortização
28/04/2023;25/07/2023;Vendas;3837;0;Receita
01/07/2023;25/07/2023;Marketing;0;1;Publicidade
23/05/2023;26/07/2023;Vendas;22619;0;Receita
29/05/2023;26/07/2023;Financeiro;0;6;Salários
29/05/2023;27/07/2023;Vendas;21468;0;Receita
06/06/2023;27/07/2023;Vendas;0;4;Custos de Produção
18/06/2023;28/07/2023;Vendas;22824;0;Receita
02/05/2023;28/07/2023;Financeiro;0;3;Vendas
09/07/2023;29/07/2023;Vendas;5526;0;Receita
04/07/2023;29/07/2023;Marketing;0;1;Impostos
25/06/2023;30/07/2023;Vendas;22662;0;Receita
07/05/2023;30/07/2023;Marketing;0;3;Salários
19/05/2023;31/07/2023;Vendas;2389659;0;Receita
21/05/2023;31/07/2023;Marketing;0;30;Aluguel
